nct_id,status,brief_title,official_title,overall_status,start_date,primary_completion_date,study_first_submit_date,last_update_submit_date,phases,enrollment_count,conditions,interventions,source_url
NCT00296764,ok,Characterization of Angelman Syndrome,Angelman Syndrome Natural History Study,COMPLETED,2006-02,2014-08,2006-02-24,2021-02-28,,302,Angelman Syndrome,,https://clinicaltrials.gov/study/NCT00296764
NCT01529424,ok,"Safety, Tolerability, and Pharmacokinetic Study of ISIS ApoC-III Rx in Hypertriglyceridemia","A Randomized, Double-Blind, Placebo-Controlled, Dose Response, Phase 2 Study of ISIS 304801 Administered Subcutaneously to Patients With Severe or Uncontrolled Hypertriglyceridemia",COMPLETED,2012-02,2014-01,2012-02-06,2022-01-25,PHASE2,89,Hypertriglyceridemia,ISIS apoC-III Rx;ISIS apoC-III Rx;ISIS apoC-III Rx;Placebo;Placebo;Placebo,https://clinicaltrials.gov/study/NCT01529424
NCT02360579,ok,"Study of Lifileucel (LN-144), Autologous Tumor Infiltrating Lymphocytes, in the Treatment of Patients With Metastatic Melanoma","A Phase 2, Multicenter Study to Assess the Efficacy and Safety of Autologous Tumor Infiltrating Lymphocytes (LN-144) for Treatment of Patients With Metastatic Melanoma",COMPLETED,2015-09-24,2024-10-24,2015-02-03,2026-03-05,PHASE2,220,Metastatic Melanoma,Lifileucel,https://clinicaltrials.gov/study/NCT02360579
NCT02426086,ok,Study to Evaluate Activity of 2 Dose Levels of Imetelstat in Participants With Intermediate-2 or High-Risk Myelofibrosis (MF) Previously Treated With Janus Kinase (JAK) Inhibitor,"A Randomized, Single-Blind, Multicenter Phase 2 Study to Evaluate the Activity of 2 Dose Levels of Imetelstat in Subjects With Intermediate-2 or High-Risk Myelofibrosis (MF) Relapsed/Refractory to Janus Kinase (JAK) Inhibitor",COMPLETED,2015-08-28,2018-04-26,2015-04-21,2021-08-17,PHASE2,107,Myelofibrosis,Imetelstat 4.7 mg/kg;Imetelstat 9.4 mg/kg,https://clinicaltrials.gov/study/NCT02426086
NCT02716246,ok,Phase I/II/III Gene Transfer Clinical Trial of scAAV9.U1a.hSGSH,Phase I/II/III Gene Transfer Clinical Trial of scAAV9.U1a.hSGSH for Mucopolysaccharidosis (MPS) IIIA,RECRUITING,2016-04-25,2027-07,2016-03-17,2026-04-21,PHASE2;PHASE3,36,MPS IIIA;Sanfilippo Syndrome;Sanfilippo A;Mucopolysaccharidosis III,UX111;Prophylactic Immunomodulatory (IM) Therapy;Optimized Prophylactic IM Therapy;Adjuvant IM Therapy,https://clinicaltrials.gov/study/NCT02716246
NCT02793583,ok,Study to Assess the Efficacy and Safety of Ublituximab + Umbralisib With or Without Bendamustine and Umbralisib Alone in Patients With Previously Treated Non-Hodgkins Lymphoma,A Phase 2b Randomized Study to Assess the Efficacy and Safety of the Combination of Ublituximab + Umbralisib With or Without Bendamustine and Umbralisib Alone in Patients With Previously Treated Non-Hodgkin's Lymphoma,TERMINATED,2016-05-25,2022-05-31,2016-05-23,2022-07-20,PHASE2;PHASE3,710,Diffuse Large B-Cell Lymphoma;Follicular Lymphoma;Marginal Zone Lymphoma;Mantle Cell Lymphoma;Small Lymphocytic Lymphoma,Ublituximab;Umbralisib;Bendamustine,https://clinicaltrials.gov/study/NCT02793583
NCT03218917,ok,Assessment of INS1007 in Participants With Non-Cystic Fibrosis Bronchiectasis,"Randomized, Double-Blind, Placebo-Controlled, Parallel-Group, Multi-Center Study to Assess the Efficacy, Safety & Tolerability, and PK of INS1007 Administered Once Daily for 24 Weeks in Subjects With Non-CF Bronchiectasis - The Willow Study",COMPLETED,2017-10-31,2019-12-12,2017-07-11,2023-03-23,PHASE2,256,Non-Cystic Fibrosis Bronchiectasis,Brensocatib 10 mg;Brensocatib 25 mg;Placebo,https://clinicaltrials.gov/study/NCT03218917
NCT03277261,ok,Study to Assess the Efficacy and Safety of Ublituximab in Participants With Relapsing Forms of Multiple Sclerosis (RMS) ( ULTIMATE 1 ),Phase III: UbLiTuximab In Multiple Sclerosis Treatment Effects (ULTIMATE I STUDY),COMPLETED,2017-09-19,2020-07-23,2017-09-07,2021-11-05,PHASE3,549,Relapsing Multiple Sclerosis (RMS),Ublituximab;Teriflunomide;Oral Placebo;IV Placebo,https://clinicaltrials.gov/study/NCT03277261
NCT03336580,ok,A Study of PRX004 in Subjects With Amyloid Transthyretin (ATTR) Amyloidosis,"A Phase 1, Open-label, Dose Escalation Study of Intravenous PRX004 in Subjects With Amyloid Transthyretin (ATTR) Amyloidosis",TERMINATED,2018-04-05,2020-07-23,2017-10-23,2020-08-18,PHASE1,21,Amyloidogenic Transthyretin (ATTR) Amyloidosis,PRX004,https://clinicaltrials.gov/study/NCT03336580
NCT03375164,ok,A Gene Transfer Therapy Study to Evaluate the Safety of Delandistrogene Moxeparvovec (SRP-9001) in Participants With Duchenne Muscular Dystrophy (DMD),Systemic Gene Delivery Phase I/IIa Clinical Trial for Duchenne Muscular Dystrophy Using rAAVrh74.MHCK7.Micro-dystrophin (microDys-IV-001),COMPLETED,2018-01-04,2023-04-25,2017-12-04,2024-11-12,PHASE1;PHASE2,4,Duchenne Muscular Dystrophy,delandistrogene moxeparvovec,https://clinicaltrials.gov/study/NCT03375164
NCT03597464,ok,Aurinia Renal Assessments 2: Aurinia Renal Response in Lupus With Voclosporin,"A Randomized, Controlled, Double-blind, Continuation Study Comparing the Long-term Safety and Efficacy of Voclosporin (23.7 mg Twice Daily) With Placebo in Subjects With Lupus Nephritis",COMPLETED,2019-09-29,2021-10-07,2018-06-25,2022-11-17,PHASE3,216,Lupus Nephritis,Voclosporin;Placebo Oral Capsule,https://clinicaltrials.gov/study/NCT03597464
NCT03645928,ok,Study of Autologous Tumor Infiltrating Lymphocytes in Patients With Solid Tumors,"A Phase 2, Multicenter Study of Autologous Tumor Infiltrating Lymphocytes (LN 144/LN-145/LN-145-S1) in Patients With Solid Tumors",TERMINATED,2019-05-07,2026-02-20,2018-08-22,2026-05-13,PHASE2,225,Metastatic Melanoma;Squamous Cell Carcinoma of the Head and Neck;Non-small Cell Lung Cancer,Lifileucel;LN-145;Pembrolizumab;LN-145-S1;Ipilimumab;Nivolumab;Nivolumab-relatlimab;Cisplatin;Carboplatin;Paclitaxel;Nab paclitaxel;Pemetrexed,https://clinicaltrials.gov/study/NCT03645928
NCT03652259,ok,"Gene Delivery Clinical Trial of SRP-9003 (Bidridistrogene Xeboparvovec) for Participants With Limb-Girdle Muscular Dystrophy, Type 2E (LGMD2E) (Beta-Sarcoglycan Deficiency)","A Single-Center, Open-Label, Systemic Gene Delivery Study to Evaluate the Safety, Tolerability, and Efficacy of SRP-9003 Administered by Systemic Infusion in Subjects With LGMD2E (β-Sarcoglycan Deficiency)",TERMINATED,2018-10-27,2025-01-14,2018-08-28,2026-01-12,PHASE1;PHASE2,6,"Limb-Girdle Muscular Dystrophy, Type 2E",SRP-9003,https://clinicaltrials.gov/study/NCT03652259
NCT03655678,ok,A Safety and Efficacy Study Evaluating CTX001 in Participants With Transfusion-Dependent β-Thalassemia,A Phase 1/2/3 Study of the Safety and Efficacy of a Single Dose of Autologous CRISPR-Cas9 Modified CD34+ Human Hematopoietic Stem and Progenitor Cells (hHSPCs) in Subjects With Transfusion-Dependent β-Thalassemia,COMPLETED,2018-09-14,2025-11-13,2018-08-29,2025-12-11,PHASE2;PHASE3,59,"Beta-Thalassemia;Thalassemia;Genetic Diseases, Inborn;Hematologic Diseases;Hemoglobinopathies",CTX001,https://clinicaltrials.gov/study/NCT03655678
NCT03719690,ok,Safety and Efficacy of Tipifarnib in Head and Neck Cancer With HRAS Mutations and Impact of HRAS on Response to Therapy,"A 2 Cohort, Non-comparative, Pivotal Study Evaluating the Efficacy of Tipifarnib in Patients With Head and Neck Squamous Cell Carcinoma (HNSCC) With HRAS Mutations (AIM-HN) and the Impact of HRAS Mutations on Response to First Line Systemic Therapies for HNSCC (SEQ-HN)",COMPLETED,2019-03-15,2023-05-02,2018-10-16,2024-05-28,PHASE2,296,HRAS Gene Mutation;HNSCC,Tipifarnib;HRAS Detection Assay,https://clinicaltrials.gov/study/NCT03719690
NCT03745287,ok,A Safety and Efficacy Study Evaluating CTX001 in Subjects With Severe Sickle Cell Disease,A Phase 1/2/3 Study to Evaluate the Safety and Efficacy of a Single Dose of Autologous CRISPR-Cas9 Modified CD34+ Human Hematopoietic Stem and Progenitor Cells (CTX001) in Subjects With Severe Sickle Cell Disease,COMPLETED,2018-11-27,2025-07-07,2018-11-09,2025-08-05,PHASE2;PHASE3,63,Sickle Cell Disease;Hematological Diseases;Hemoglobinopathies,CTX001,https://clinicaltrials.gov/study/NCT03745287
NCT03812263,ok,A Clinical Trial to Evaluate the Safety and Efficacy of RP-L201 in Subjects With Leukocyte Adhesion Deficiency-I,Gene Therapy for Leukocyte Adhesion Deficiency-I (LAD-I): A Phase I/II Clinical Trial to Evaluate the Safety and Efficacy of the Infusion of Autologous Hematopoietic Stem Cells Transduced With a Lentiviral Vector Encoding the ITGB2 Gene,COMPLETED,2019-08-30,2023-09-12,2019-01-18,2023-11-13,PHASE1;PHASE2,9,Leukocyte Adhesion Defect - Type I,RP-L201,https://clinicaltrials.gov/study/NCT03812263
NCT03897881,ok,An Efficacy Study of Adjuvant Treatment With the Personalized Cancer Vaccine mRNA-4157 and Pembrolizumab in Participants With High-Risk Melanoma (KEYNOTE-942),A Phase 2 Randomized Study of Adjuvant Immunotherapy With the Personalized Cancer Vaccine mRNA-4157 and Pembrolizumab Versus Pembrolizumab Alone After Complete Resection of High-Risk Melanoma (KEYNOTE- 942),ACTIVE_NOT_RECRUITING,2019-07-18,2032-11-30,2019-03-29,2025-12-02,PHASE2,267,Melanoma,mRNA-4157;Pembrolizumab,https://clinicaltrials.gov/study/NCT03897881
NCT03901339,ok,Study of Sacituzumab Govitecan-hziy Versus Treatment of Physician's Choice in Participants With HR+/HER2- Metastatic Breast Cancer,Phase 3 Study of Sacituzumab Govitecan (IMMU-132) Versus Treatment of Physician's Choice (TPC) in Subjects With Hormonal Receptor-Positive (HR+) Human Epidermal Growth Factor Receptor 2 (HER2) Negative Metastatic Breast Cancer (MBC) Who Have Failed at Least Two Prior Chemotherapy Regimens,COMPLETED,2019-05-08,2023-10-20,2019-03-26,2024-09-25,PHASE3,543,Metastatic Breast Cancer,Sacituzumab Govitecan-hziy;Eribulin;Capecitabine;Gemcitabine;Vinorelbine,https://clinicaltrials.gov/study/NCT03901339
NCT04004065,ok,"Two-Part Study for Dose Determination of Vesleteplirsen (SRP-5051) (Part A), Then Dose Expansion (Part B) in Participants With Duchenne Muscular Dystrophy Amenable to Exon 51-Skipping Treatment","A Phase 2, Two-Part, Multiple-Ascending-Dose Study of SRP-5051 for Dose Determination, Then Dose Expansion, in Patients With Duchenne Muscular Dystrophy Amenable to Exon 51-Skipping Treatment",TERMINATED,2019-06-26,2023-10-30,2019-06-27,2025-03-06,PHASE2,62,Duchenne Muscular Dystrophy,Vesleteplirsen,https://clinicaltrials.gov/study/NCT04004065
NCT04023071,ok,FT516 in Subjects With Advanced Hematologic Malignancies,A Phase I Study of FT516 as Monotherapy in Relapsed/Refractory Acute Myelogenous Leukemia and in Combination With Monoclonal Antibodies in Relapsed/Refractory B-Cell Lymphoma,TERMINATED,2019-10-04,2023-10-23,2019-07-09,2023-10-25,PHASE1,72,Acute Myelogenous Leukemia;B-cell Lymphoma,FT516;Rituximab;Obinutuzumab;Cyclophosphamide;Fludarabine;IL-2;Bendamustine,https://clinicaltrials.gov/study/NCT04023071
NCT04035434,ok,A Safety and Efficacy Study Evaluating CTX110 in Subjects With Relapsed or Refractory B-Cell Malignancies (CARBON),A Phase 1/2 Dose Escalation and Cohort Expansion Study of the Safety and Efficacy of Allogeneic CRISPR-Cas9-Engineered T Cells (CTX110) in Subjects With Relapsed or Refractory B-Cell Malignancies (CARBON),TERMINATED,2019-07-22,2024-10-04,2019-07-22,2025-10-09,PHASE1;PHASE2,93,B-cell Malignancy;Non-Hodgkin Lymphoma;B-cell Lymphoma;Adult B Cell ALL,CTX110,https://clinicaltrials.gov/study/NCT04035434
NCT04065399,ok,A Study of Revumenib in R/R Leukemias Including Those With an MLL/KMT2A Gene Rearrangement or NPM1 Mutation,"A Phase 1/2, Open-label, Dose-Escalation and Dose-Expansion Cohort Study of SNDX-5613 in Patients With Relapsed/Refractory Leukemias, Including Those Harboring an MLL/KMT2A Gene Rearrangement or Nucleophosmin 1 (NPM1) Mutation",RECRUITING,2019-11-05,2027-12-15,2019-08-16,2026-03-17,PHASE1;PHASE2,447,Acute Myeloid Leukemia;Acute Lymphoblastic Leukemia;Mixed Lineage Acute Leukemia;Mixed Phenotype Acute Leukemia;Acute Leukemia of Ambiguous Lineage,revumenib;cobicistat,https://clinicaltrials.gov/study/NCT04065399
NCT04067336,ok,First in Human Study of Ziftomenib in Relapsed or Refractory Acute Myeloid Leukemia,A Phase 1/2 First in Human Study of the Menin-MLL(KMT2A) Inhibitor KO-539 in Patients With Relapsed or Refractory Acute Myeloid Leukemia,ACTIVE_NOT_RECRUITING,2019-09-12,2028-10-16,2019-06-25,2026-05-12,PHASE1;PHASE2,263,Advanced Malignant Neoplasm;Acute Myeloid Leukemia;Mixed Lineage Leukemia;Mixed Lineage Acute Leukemia;Acute Leukemia of Ambiguous Lineage;Mixed Phenotype Acute Leukemia;Acute Lymphoblastic Leukemia,Ziftomenib;Midazolam;Itraconazole,https://clinicaltrials.gov/study/NCT04067336
NCT04155749,ok,Study of Anitocabtagene-autoleucel in Participants With Relapsed Refractory Multiple Myeloma,"Master Protocol for the Phase 1 Study of Cell Therapies for the Treatment of Patients With Relapsed Refractory Multiple Myeloma, Including Long-term Safety Follow-up",ACTIVE_NOT_RECRUITING,2019-12-23,2024-10-03,2019-10-17,2026-02-09,PHASE1,40,Relapsed and Refractory Multiple Myeloma,anitocabtagene-autoleucel,https://clinicaltrials.gov/study/NCT04155749
NCT04245722,ok,FT596 as a Monotherapy and in Combination With Anti-CD20 Monoclonal Antibodies,"A Phase I, Open-Label, Multicenter Study of FT596 as a Monotherapy and in Combination With Rituximab or Obinutuzumab in Subjects With Relapsed/Refractory B-cell Lymphoma and Chronic Lymphocytic Leukemia",TERMINATED,2020-03-19,2023-09-27,2020-01-18,2023-10-25,PHASE1,98,"Lymphoma, B-Cell;Chronic Lymphocytic Leukemia",FT596;Cyclophosphamide;Fludarabine;Rituximab;Obinutuzumab;Bendamustine,https://clinicaltrials.gov/study/NCT04245722
NCT04363346,ok,Study of FT516 for the Treatment of COVID-19 in Hospitalized Patients With Hypoxia,Study of FT516 Safety and Feasibility for the Treatment of Coronavirus Disease 2019 (COVID-19) in Hospitalized Patients With Hypoxia,COMPLETED,2020-05-14,2021-02-18,2020-04-23,2022-04-04,PHASE1,5,COVID-19,FT516,https://clinicaltrials.gov/study/NCT04363346
NCT04466891,ok,A Study of ZW25 (Zanidatamab) in Subjects With Advanced or Metastatic HER2-Amplified Biliary Tract Cancers,"A Phase 2b, Open-label, Single-arm Study of ZW25 Monotherapy in Subjects With Advanced or Metastatic HER2-amplified Biliary Tract Cancers",COMPLETED,2020-10-01,2023-07-28,2020-07-06,2025-08-26,PHASE2,87,HER2-amplified Biliary Tract Cancers,ZW25 (Zanidatamab),https://clinicaltrials.gov/study/NCT04466891
NCT04502446,ok,A Safety and Efficacy Study Evaluating CTX130 in Subjects With Relapsed or Refractory T or B Cell Malignancies (COBALT-LYM),"A Phase 1, Open-Label, Multicenter, Dose Escalation and Cohort Expansion Study of the Safety and Efficacy of Anti-CD70 Allogeneic CRISPR-Cas9-Engineered T Cells (CTX130) in Subjects With Relapsed or Refractory T or B Cell Malignancies",TERMINATED,2020-07-31,2024-08-30,2020-08-04,2025-01-07,PHASE1,49,T Cell Lymphoma,CTX130,https://clinicaltrials.gov/study/NCT04502446
NCT04576156,ok,A Study Comparing Imetelstat Versus Best Available Therapy for the Treatment of Intermediate-2 or High-risk Myelofibrosis (MF) Who Have Not Responded to Janus Kinase (JAK)-Inhibitor Treatment,"A Randomized Open-Label, Phase 3 Study to Evaluate Imetelstat (GRN163L) Versus Best Available Therapy (BAT) in Patients With Intermediate-2 or High-risk Myelofibrosis (MF) Relapsed / Refractory (R/R) to Janus Kinase (JAK) Inhibitor",ACTIVE_NOT_RECRUITING,2021-04-12,2028-06-30,2020-09-18,2025-11-26,PHASE3,327,Myelofibrosis,Imetelstat;Best Available Therapy (BAT),https://clinicaltrials.gov/study/NCT04576156
NCT04585464,ok,"A Study to Assess Safety, Tolerability, and PK of EDG-5506 in Healthy Volunteers and Becker Muscular Dystrophy Adults","A Phase 1, Randomized, Placebo-Controlled, Double-blind, Single and Multiple Ascending Dose Study to Evaluate the Safety, Tolerability, and PK of EDG-5506 in Adult Healthy Volunteers and Adults With Becker Muscular Dystrophy",COMPLETED,2020-10-12,2021-11-15,2020-10-02,2022-06-27,PHASE1,127,Healthy Volunteer;Becker Muscular Dystrophy,EDG-5506;Placebo,https://clinicaltrials.gov/study/NCT04585464
NCT04594369,ok,"A Study to Assess the Efficacy, Safety, and Tolerability of Brensocatib in Participants With Non-Cystic Fibrosis Bronchiectasis","A Phase 3, Randomized, Double-Blind, Placebo-Controlled Study to Assess the Efficacy, Safety, and Tolerability of Brensocatib Administered Once Daily for 52 Weeks in Subjects With Non-Cystic Fibrosis Bronchiectasis - The ASPEN Study",COMPLETED,2020-12-01,2024-10-28,2020-10-14,2025-11-28,PHASE3,1767,Non-Cystic Fibrosis Bronchiectasis,Brensocatib 10 mg;Brensocatib 25 mg;Placebo,https://clinicaltrials.gov/study/NCT04594369
NCT04601051,ok,"Study to Evaluate Safety, Tolerability, Pharmacokinetics, and Pharmacodynamics of NTLA-2001 in Patients With Hereditary Transthyretin Amyloidosis With Polyneuropathy (ATTRv-PN) and Patients With Transthyretin Amyloidosis-Related Cardiomyopathy (ATTR-CM)","Phase 1 Two-Part (Open-label, Single Ascending Dose (Part 1) and Open-label, Single Dose Expansion (Part 2)) Study to Evaluate Safety, Tolerability, Pharmacokinetics, and Pharmacodynamics of NTLA-2001 in Patients With Hereditary Transthyretin Amyloidosis With Polyneuropathy (ATTRv-PN) and Patients With Transthyretin Amyloidosis-Related Cardiomyopathy (ATTR-CM)",COMPLETED,2020-11-05,2025-09-12,2020-10-19,2026-01-28,PHASE1,72,Transthyretin-Related (ATTR) Familial Amyloid Polyneuropathy;Transthyretin-Related (ATTR) Familial Amyloid Cardiomyopathy;Wild-Type Transthyretin Cardiac Amyloidosis,NTLA-2001,https://clinicaltrials.gov/study/NCT04601051
NCT04611802,ok,"A Study to Evaluate the Efficacy, Immune Response, and Safety of a COVID-19 Vaccine in Adults ≥ 18 Years With a Pediatric Expansion in Adolescents (12 to<18 Years) at Risk for SARS-CoV-2","A Phase 3, Randomized, Observer-Blinded, Placebo-Controlled Study to Evaluate the Efficacy, Safety, and Immunogenicity of a SARS-CoV-2 Recombinant Spike Protein Nanoparticle Vaccine (SARS-CoV-2 rS) With Matrix-M1™ Adjuvant in Adult Participants ≥ 18 Years With a Pediatric Expansion in Adolescents (12 to < 18 Years)",COMPLETED,2020-12-27,2023-04-10,2020-10-30,2023-12-19,PHASE3,33000,SARS-CoV Infection;Covid19,SARS-CoV-2 rS/Matrix-M1 Adjuvant (Initial Vaccination Period);Placebo (Initial Vaccination Period);SARS-CoV-2 rS/Matrix-M1 Adjuvant (Crossover Vaccination period);Placebo (Crossover Vaccination period);SARS-CoV-2 rS/Matrix-M1 Adjuvant (Booster Vaccination);SARS-CoV-2 rS/Matrix-M1 Adjuvant (Second Booster Vaccination),https://clinicaltrials.gov/study/NCT04611802
NCT04626674,ok,A Gene Transfer Therapy Study to Evaluate the Safety of and Expression From Delandistrogene Moxeparvovec (SRP-9001) in Participants With Duchenne Muscular Dystrophy (DMD),"An Open-Label, Systemic Gene Delivery Study Using Commercial Process Material to Evaluate the Safety of and Expression From SRP-9001 in Subjects With Duchenne Muscular Dystrophy (ENDEAVOR)",RECRUITING,2020-11-23,2027-12-31,2020-11-06,2026-04-03,PHASE1,83,"Muscular Dystrophy, Duchenne",delandistrogene moxeparvovec,https://clinicaltrials.gov/study/NCT04626674
NCT04634409,ok,A Study of Immune System Proteins in Participants With Mild to Moderate COVID-19 Illness,"A Randomized, Double-blind, Placebo-Controlled, Phase 2 Study to Evaluate the Efficacy and Safety of Mono and Combination Therapy With Monoclonal Antibodies in Participants With Mild to Moderate COVID-19 Illness (BLAZE-4)",COMPLETED,2020-10-29,2021-07-27,2020-11-17,2022-06-07,PHASE2,1755,COVID-19,Bamlanivimab;Etesevimab;Placebo;VIR-7831;Bebtelovimab,https://clinicaltrials.gov/study/NCT04634409
NCT04710576,ok,A Study of Axatilimab at 3 Different Doses in Participants With Chronic Graft Versus Host Disease (cGVHD),"AGAVE-201, A Phase 2, Open-label, Randomized, Multicenter Study to Evaluate the Efficacy, Safety and Tolerability of Axatilimab at 3 Different Doses in Patients With Recurrent or Refractory Active Chronic Graft Versus Host Disease Who Have Received at Least 2 Lines of Systemic Therapy",ACTIVE_NOT_RECRUITING,2021-03-04,2023-04-07,2021-01-05,2026-02-24,PHASE2,241,Chronic Graft-versus-host-disease,Axatilimab,https://clinicaltrials.gov/study/NCT04710576
NCT04772885,ok,A Single and Multiple Ascending Dose Trial of KT-474 in Healthy Adult Volunteers and Patients With Atopic Dermatitis (AD) or Hidradenitis Suppurativa (HS),"A Phase 1 Randomized, Placebo-controlled, Single and Multiple Ascending Dose Trial to Evaluate the Safety, Tolerability, Pharmacokinetics, and Pharmacodynamics of Orally Administered KT-474 in Healthy Adult Volunteers and Patients With Atopic Dermatitis (AD) or Hidradenitis Suppurativa (HS)",COMPLETED,2021-02-23,2022-10-20,2021-02-12,2022-10-21,PHASE1,154,Healthy Volunteer;Atopic Dermatitis;Hidradenitis Suppurativa,KT-474/Placebo;KT-474,https://clinicaltrials.gov/study/NCT04772885
NCT04777331,ok,A Study to Evaluate the Efficacy and Safety of Intravenous Prasinezumab in Participants With Early Parkinson's Disease,"A Phase IIB, Randomized, Double-Blind, Placebo-Controlled, Multicenter Study to Evaluate the Efficacy and Safety of Intravenous Prasinezumab in Participants With Early Parkinson's Disease",ACTIVE_NOT_RECRUITING,2021-05-05,2024-09-11,2021-02-26,2026-03-06,PHASE2,586,Parkinsons Disease,Prasinezumab;Placebo,https://clinicaltrials.gov/study/NCT04777331
NCT04853576,ok,A Study Evaluating the Safety and Efficacy of EDIT-301 in Participants With Severe Sickle Cell Disease (RUBY),A Phase 1/2 Study to Evaluate the Safety and Efficacy of a Single Dose of Autologous Clustered Regularly Interspaced Short Palindromic Repeats Gene-edited CD34+ Human Hematopoietic Stem and Progenitor Cells (EDIT-301) in Subjects With Severe Sickle Cell Disease,ACTIVE_NOT_RECRUITING,2021-05-04,2025-08,2021-04-16,2025-01-29,PHASE1;PHASE2,45,Sickle Cell Disease;Hemoglobinopathies,EDIT-301,https://clinicaltrials.gov/study/NCT04853576
NCT04961541,ok,Evaluation of the Safety and Immunogenicity of Influenza and COVID-19 Combination Vaccine,"A Phase 1/2, Randomized, Observer-Blinded Study to Evaluate the Safety and Immunogenicity of a Quadrivalent Hemagglutinin Nanoparticle Influenza and SARS-CoV-2 rS Nanoparticle Combination Vaccine With Matrix M1™ Adjuvant in Healthy Participants ≥ 50 to ≤ 70 Years of Age",COMPLETED,2021-09-08,2021-12-22,2021-07-09,2025-04-07,PHASE1;PHASE2,637,SARS-CoV Infection;Covid19,ICC Vaccine;qNIV Nanoparticle Vaccine2 in-clinic mixed with Matrix-M1 Adjuvant;SARS-CoV-2 rS Nanoparticle Vaccine in-clinic mixed with Matrix-M1 Adjuvant,https://clinicaltrials.gov/study/NCT04961541
NCT04975997,ok,"Open-label Study Comparing Iberdomide, Daratumumab and Dexamethasone (IberDd) Versus Daratumumab, Bortezomib, and Dexamethasone (DVd) in Participants With Relapsed or Refractory Multiple Myeloma (RRMM)","A Phase 3, Two-Stage, Randomized, Multicenter, Open-label Study Comparing Iberdomide, Daratumumab and Dexamethasone (IberDd) Versus Daratumumab, Bortezomib, and Dexamethasone (DVd) in Subjects With Relapsed or Refractory Multiple Myeloma (RRMM)",ACTIVE_NOT_RECRUITING,2022-06-23,2027-11-16,2021-07-02,2026-03-30,PHASE3,939,Multiple Myeloma,Dexamethasone;Daratumumab;Bortezomib;Iberdomide;Iberdomide;Iberdomide;Dexamethasone;Daratumumab,https://clinicaltrials.gov/study/NCT04975997
NCT05085366,ok,"A Study to Evaluate the Efficacy, Safety, and Immunogenicity of mRNA-1647 Cytomegalovirus (CMV) Vaccine in Healthy Participants 16 to 40 Years of Age","A Phase 3, Randomized, Observer-Blind, Placebo-Controlled Study to Evaluate the Efficacy, Safety, and Immunogenicity of mRNA-1647 Cytomegalovirus (CMV) Vaccine in Healthy Participants 16 to 40 Years of Age",TERMINATED,2021-10-26,2025-11-04,2021-10-07,2025-12-09,PHASE3,7454,Cytomegalovirus Infection,mRNA-1647;Placebo,https://clinicaltrials.gov/study/NCT05085366
NCT05089084,ok,Study of ARO-APOC3 (Plozasiran) in Adults With Familial Chylomicronemia Syndrome (FCS),A Phase 3 Study to Evaluate the Efficacy and Safety of ARO-APOC3 in Adults With Familial Chylomicronemia Syndrome,ACTIVE_NOT_RECRUITING,2021-12-14,2024-04-29,2021-10-11,2026-02-02,PHASE3,75,Familial Chylomicronemia,Plozasiran;Placebo,https://clinicaltrials.gov/study/NCT05089084
NCT05091541,ok,A Phase 1/2 Study of CT120 in Patient With Relapsed/Refractory B-cell Non-Hodgkin's Lymphoma,A Multicenter Phase I/II Clinical Study on Fully Human Anti-CD19/CD22 Dual Target Chimeric Antigen Receptor Autologous T Cell Injection (CT120) for the Treatment of Relapsed/Refractory B-cell Non-Hodgkin's Lymphoma,NOT_YET_RECRUITING,2021-10-20,2024-10-20,2021-09-15,2021-10-12,PHASE1;PHASE2,125,B-cell Non-Hodgkin's Lymphoma,Fully Human Anti-CD19/CD22 Dual Target Chimeric Antigen Receptor Autologous T Cell Injection,https://clinicaltrials.gov/study/NCT05091541
NCT05120830,ok,NTLA-2002 in Adults With Hereditary Angioedema (HAE),"Phase 1/2 Study to Evaluate Safety, Tolerability, Pharmacokinetics, and Pharmacodynamics of NTLA-2002 in Adults With Hereditary Angioedema (HAE)",ACTIVE_NOT_RECRUITING,2021-12-10,2024-04-04,2021-11-03,2026-03-23,PHASE1;PHASE2,37,Hereditary Angioedema,Biological NTLA-2002;Normal Saline IV Administration,https://clinicaltrials.gov/study/NCT05120830
NCT05125809,ok,Setrusumab vs Placebo for Osteogenesis Imperfecta,"An Operationally Seamless, Randomized Phase 2/3 Study Consisting of a Phase 2 Single-Blind, Dose-Evaluation Phase and a Phase 3 Double-Blind, Placebo-Controlled Phase to Assess the Efficacy and Safety of Setrusumab in Subjects With Osteogenesis Imperfecta",ACTIVE_NOT_RECRUITING,2022-02-21,2025-10-20,2021-11-08,2026-02-24,PHASE2;PHASE3,183,Osteogenesis Imperfecta,Setrusumab;Placebo,https://clinicaltrials.gov/study/NCT05125809
NCT05139316,ok,A Study of Adeno-Associated Virus Serotype 8-Mediated Gene Transfer of Glucose-6-Phosphatase in Patients With Glycogen Storage Disease Type Ia (GSDIa),"A Phase 3, Randomized, Double-Blind, Placebo-Controlled Study of Adeno-Associated Virus Serotype 8-Mediated Gene Transfer of Glucose-6-Phosphatase in Patients With Glycogen Storage Disease Type Ia",COMPLETED,2021-11-08,2024-02-20,2021-07-14,2026-03-23,PHASE3,49,Glycogen Storage Disease Type IA,DTX401;Placebo;Oral prednisolone;Placebo for oral prednisolone,https://clinicaltrials.gov/study/NCT05139316
NCT05160415,ok,A Study of EDG-5506 in Adult Males With Becker Muscular Dystrophy,"A Phase 1b, Open-label Study of the Safety and Pharmacokinetics of EDG-5506 in Adults With Becker Muscular Dystrophy",COMPLETED,2021-12-28,2024-03-01,2021-12-02,2025-06-05,PHASE1,12,Becker Muscular Dystrophy,Sevasemten,https://clinicaltrials.gov/study/NCT05160415
NCT05186974,ok,Study of Sacituzumab Govitecan Combinations in First-line Treatment of Participants With Advanced or Metastatic Non-Small-Cell Lung Cancer (NSCLC),"An Open-label, Multicenter, Phase 2 Study of Sacituzumab Govitecan Combinations in First-line Treatment of Patients With Advanced or Metastatic Non-Small-Cell Lung Cancer (NSCLC) Without Actionable Genomic Alterations",ACTIVE_NOT_RECRUITING,2022-05-30,2026-09,2021-12-23,2026-02-10,PHASE2,193,Non-small Cell Lung Cancer,Sacituzumab Govitecan-hziy (SG);Pembrolizumab;Carboplatin;Cisplatin,https://clinicaltrials.gov/study/NCT05186974
NCT05225584,ok,"Safety, PK, PD, Clinical Activity of KT-333 in Adult Patients With Refractory Lymphoma, Large Granular Lymphocytic Leukemia, Solid Tumors","A Phase 1, Multicenter, Open-Label, Dose-Escalation and Expansion Study to Evaluate Safety, Tolerability, Pharmacokinetics, Pharmacodynamics, and Clinical Activity of Intravenously Administered KT-333 in Adult Patients With Relapsed or Refractory Lymphomas, Large Granular Lymphocytic Leukemia, and Solid Tumors",COMPLETED,2022-05-19,2025-03-03,2021-12-16,2025-03-14,PHASE1,56,Non Hodgkin Lymphoma (NHL);Peripheral T-cell Lymphoma (PTCL);Cutaneous T-Cell Lymphoma (CTCL);Large Granular Lymphocytic Leukemia (LGL-L);T-cell Prolymphocytic Leukemia (T-PLL);Solid Tumors,KT-333,https://clinicaltrials.gov/study/NCT05225584
NCT05291091,ok,Phase 2 Study of EDG-5506 in Becker Muscular Dystrophy (GRAND CANYON),"A Phase 2 Randomized, Double-blind, Placebo-controlled Study to Evaluate the Effect of EDG-5506 on Safety, Biomarkers, Pharmacokinetics, and Functional Measures in Adults and Adolescents With Becker Muscular Dystrophy",ACTIVE_NOT_RECRUITING,2022-11-10,2026-09,2022-03-14,2026-05-18,PHASE2,244,Becker Muscular Dystrophy,Sevasemten 10 mg;Sevasemten 5 mg;Sevasemten 12.5 mg;Placebo,https://clinicaltrials.gov/study/NCT05291091
NCT05356741,ok,To Access the Safety and Effects of Intravenous Administration of VIR-5818 Alone and in Combination With Pembrolizumab in Adult Participants With Locally Advanced or Metastatic HER2-Expressing Cancers,"A Phase 1, Multicenter, Open-Label, First-in-Human Study of the Safety and Pharmacokinetics of VIR-5818 Alone and in Combination With Pembrolizumab in Participants With Locally Advanced or Metastatic HER2-Expressing Cancers",RECRUITING,2022-04-13,2027-08-16,2022-04-26,2025-09-19,PHASE1;PHASE2,645,Locally Advanced or Metastatic HER2-Expressing Cancers,VIR-5818;pembrolizumab,https://clinicaltrials.gov/study/NCT05356741
NCT05379985,ok,Study of RMC-6236 in Patients With Advanced Solid Tumors Harboring Specific Mutations in RAS,A Multicenter Open-Label Study of RMC-6236 in Patients With Advanced Solid Tumors Harboring Specific Mutations in RAS,RECRUITING,2022-05-31,2027-05-31,2022-05-13,2026-05-12,PHASE1;PHASE2,754,Non-small Cell Lung Cancer (NSCLC);Colorectal Cancer (CRC);Pancreatic Ductal Adenocarcinoma (PDAC);Advanced Solid Tumors,RMC-6236,https://clinicaltrials.gov/study/NCT05379985
NCT05442047,ok,A Research Study to Look at How a New Medicine Called NNC6019-0001 Works and How Safe it is for People Who Have Heart Disease Due to Transthyretin (TTR) Amyloidosis,Efficacy and Safety of NNC6019-0001 at Two Dose Levels in Participants With Transthyretin Amyloid Cardiomyopathy (ATTR CM),COMPLETED,2022-08-02,2025-02-17,2022-06-28,2026-02-13,PHASE2,105,Transthyretin Amyloid Cardiomyopathy (ATTR CM),NNC6019-0001;Placebo (NNC6019-0001),https://clinicaltrials.gov/study/NCT05442047
NCT05456880,ok,BEACON: A Study Evaluating the Safety and Efficacy of BEAM-101 in Patients With Severe Sickle Cell Disease,A Phase 1/2 Study Evaluating the Safety and Efficacy of a Single Dose of Autologous CD34+ Base Edited Hematopoietic Stem Cells (BEAM-101) in Patients With Sickle Cell Disease and Severe Vaso-Occlusive Crises (Beacon Trial),ACTIVE_NOT_RECRUITING,2022-08-30,2028-02,2022-06-23,2025-12-15,PHASE1;PHASE2,15,Sickle Cell Disease,BEAM-101,https://clinicaltrials.gov/study/NCT05456880
NCT05461170,ok,SOLSTICE: Combination Therapy for the Treatment of Chronic Hepatitis D Infection.,"A Phase 2 Study to Evaluate Efficacy, Safety and Tolerability of VIR-2218 and VIR-3434 in Participants With Chronic Hepatitis D Virus Infection (SOLSTICE)",ACTIVE_NOT_RECRUITING,2022-09-17,2029-08,2022-07-01,2025-10-08,PHASE2,95,"Hepatitis D, Chronic",VIR-2218;VIR-3434;NRTI,https://clinicaltrials.gov/study/NCT05461170
NCT05481879,ok,"Safety, Tolerability, Pharmacodynamic, Efficacy, and Pharmacokinetic Study of DYNE-101 in Participants With Myotonic Dystrophy Type 1","A Randomized, Placebo-Controlled, Multiple Ascending Dose Study Assessing Safety, Tolerability, Pharmacodynamics, Efficacy, and Pharmacokinetics of DYNE-101 Administered to Participants With Myotonic Dystrophy Type 1",RECRUITING,2022-09-05,2029-07,2022-07-28,2026-05-08,PHASE1;PHASE2,116,Myotonic Dystrophy Type 1 (DM1),DYNE-101;Placebo,https://clinicaltrials.gov/study/NCT05481879
NCT05524883,ok,"Safety, Tolerability, Pharmacodynamic, Efficacy, and Pharmacokinetic Study of DYNE-251 in Participants With Duchenne Muscular Dystrophy Amenable to Exon 51 Skipping","A Randomized, Double-Blind, Placebo-Controlled, Multiple Ascending Dose Study Assessing Safety, Tolerability, Pharmacodynamics, Efficacy, and Pharmacokinetics of DYNE-251 Administered to Participants With Duchenne Muscular Dystrophy Amenable to Exon 51 Skipping",ACTIVE_NOT_RECRUITING,2022-08-12,2029-11,2022-08-30,2025-08-11,PHASE1;PHASE2,86,Duchenne Muscular Dystrophy (DMD),DYNE-251;Placebo,https://clinicaltrials.gov/study/NCT05524883
NCT05567783,ok,A Phase 2 Study to Evaluate the Efficacy and Safety of VIR-2482 for the Prevention of Illness Due to Influenza A,"A Double-Blind, Randomized, Placebo-Controlled Phase 2 Study to Evaluate the Efficacy and Safety of VIR-2482 for the Prevention of Illness Due to Influenza A",TERMINATED,2022-10-30,2023-05-05,2022-09-24,2024-08-15,PHASE2,2977,Influenza A,VIR-2482 (450 mg);VIR-2482 (1200 mg);Placebo,https://clinicaltrials.gov/study/NCT05567783
NCT05614063,ok,A Randomized Study of XEN1101 Versus Placebo in Focal-Onset Seizures,"A Randomized, Double-blind, Placebo-Controlled, Multicenter Phase 3 Study to Evaluate the Safety, Tolerability, and Efficacy of XEN1101 as Adjunctive Therapy in Focal-Onset Seizures",COMPLETED,2022-11-18,2026-01-12,2022-11-06,2026-05-12,PHASE3,380,Focal Onset Seizures,XEN1101;Placebo,https://clinicaltrials.gov/study/NCT05614063
NCT05727904,ok,Study to Investigate Lifileucel Regimen Plus Pembrolizumab Compared With Pembrolizumab Alone in Participants With Untreated Advanced Melanoma.,"A Phase 3, Multicenter, Randomized, Open-label, Parallel Group, Treatment Study to Assess the Efficacy and Safety of the Lifileucel (LN-144, Autologous Tumor Infiltrating Lymphocytes [TIL]) Regimen in Combination With Pembrolizumab Compared With Pembrolizumab Monotherapy in Participants With Untreated, Unresectable or Metastatic Melanoma",RECRUITING,2023-03-30,2028-03-01,2023-02-06,2026-04-02,PHASE3,670,Metastatic Melanoma;Unresectable Melanoma;Melanoma,Lifileucel plus Pembrolizumab;Pembrolizumab with Optional Crossover Period,https://clinicaltrials.gov/study/NCT05727904
NCT05885412,ok,"A Phase 1, Dose Escalation Trial of RP-A601 in Subjects With PKP2 Variant-Mediated Arrhythmogenic Cardiomyopathy (PKP2-ACM)",A Phase 1 Dose Escalation Trial Evaluating an Intravenously Administered Recombinant Adeno-Associated Virus Serotype rh.74 (AAVrh.74) Vector Containing the Human Plakophilin-2a (PKP2a) Coding Sequence (RP-A601; AAVrh.74-PKP2a) in Subjects With Arrhythmogenic Cardiomyopathy Arising From Pathogenic PKP2 Variants (PKP2-ACM),RECRUITING,2023-08-29,2028-09,2023-05-22,2026-04-14,PHASE1,9,PKP2 Arrhythmogenic Cardiomyopathy (PKP2-ACM),RP-A601,https://clinicaltrials.gov/study/NCT05885412
NCT05997615,ok,"Safety, Pharmacokinetics, and Preliminary Efficacy of VIR-5500 (AMX-500) in Prostate Cancer","A Phase 1, First-in-Human Study of the Safety, Pharmacokinetics, and Preliminary Efficacy of VIR-5500 (AMX-500) in Participants With Prostate Cancer",RECRUITING,2023-08-10,2027-09-29,2023-07-24,2026-04-16,PHASE1,390,Hormone-refractory Prostate Cancer,VIR-5500;Enzalutamide;Darolutamide,https://clinicaltrials.gov/study/NCT05997615
NCT06028230,ok,A Phase 2 Study to Evaluate the Efficacy and Safety of SAR444656 Compared With Placebo in Adult Participants With Moderate to Severe Hidradenitis Suppurativa,"A Parallel-group Treatment, Phase 2, Double-blind, Placebo-controlled Study to Evaluate the Efficacy and Safety of SAR444656 in Adult Participants With Moderate to Severe Hidradenitis Suppurativa",TERMINATED,2023-09-29,2025-10-09,2023-08-31,2025-12-04,PHASE2,70,Hidradenitis Suppurativa,SAR444656 (KT-474);Placebo,https://clinicaltrials.gov/study/NCT06028230
NCT06092034,ok,A Gene Therapy Study of RP-A501 in Male Patients With Danon Disease,Gene Therapy for Danon Disease: A Phase 2 Study Evaluating the Efficacy and Safety of Intravenously Administered Adeno-Associated Virus Serotype 9 (rAAV9) Vector Containing the Human LAMP2 Isoform B Transgene (RP-A501; AAV9.LAMP2B) in Male Patients With Danon Disease,RECRUITING,2023-09-05,2028-04,2023-10-11,2026-04-28,PHASE2,14,Danon Disease,RP-A501,https://clinicaltrials.gov/study/NCT06092034
NCT06121297,ok,RESET-SLE: A Phase 1/2 Open-Label Study to Evaluate the Safety and Efficacy of CABA-201 in Subjects With Active Systemic Lupus Erythematosus,"A Phase 1/2, Open-label Study to Evaluate the Safety and Efficacy of Autologous CD19-specific Chimeric Antigen Receptor T Cells (CABA-201) in Subjects With Active Systemic Lupus Erythematosus",RECRUITING,2024-02-16,2029-12,2023-10-23,2026-04-07,PHASE1;PHASE2,28,Systemic Lupus Erythematosus;Lupus Nephritis,CABA-201;CABA-201,https://clinicaltrials.gov/study/NCT06121297
NCT06128629,ok,MAGNITUDE: A Phase 3 Study of NTLA-2001 in Participants With Transthyretin Amyloidosis With Cardiomyopathy (ATTR-CM),"MAGNITUDE: A Phase 3, Multinational, Multicenter, Randomized, Double-Blind, Placebo-Controlled Study to Evaluate the Efficacy and Safety of NTLA-2001 in Participants With Transthyretin Amyloidosis With Cardiomyopathy (ATTR-CM)",RECRUITING,2023-12-13,2027-12,2023-11-08,2026-03-23,PHASE3,1200,Transthyretin Amyloidosis (ATTR) With Cardiomyopathy,NTLA-2001;Placebo,https://clinicaltrials.gov/study/NCT06128629
NCT06154252,ok,RESET-Myositis: An Open-Label Study to Evaluate the Safety and Efficacy of CABA-201 in Subjects With Active Idiopathic Inflammatory Myopathy or Juvenile Idiopathic Inflammatory Myopathy,"A Phase 1/2, Open-Label Study to Evaluate the Safety and Efficacy of Autologous CD19-specific Chimeric Antigen Receptor T Cells (CABA-201) in Subjects With Active Idiopathic Inflammatory Myopathy or Juvenile Idiopathic Inflammatory Myopathy",RECRUITING,2023-12-20,2028-07,2023-11-16,2026-05-12,PHASE2;PHASE3,74,Idiopathic Inflammatory Myopathy;Dermatomyositis;Anti-Synthetase Syndrome;Immune-Mediated Necrotizing Myopathy;Juvenile Dermatomyositis;Juvenile Polymyositis;Juvenile Idiopathic Inflammatory Myopathy (JIIM);Juvenile Myositis,CABA-201 following preconditioning with fludarabine and cyclophosphamide,https://clinicaltrials.gov/study/NCT06154252
NCT06308978,ok,A Phase 1 Study of FT819 in B-cell Mediated Autoimmune Disease,A Phase 1 Study of FT819 in B-cell Mediated Autoimmune Disease,RECRUITING,2024-03-28,2027-09-30,2024-03-06,2026-05-19,PHASE1,244,Antineutrophilic Cytoplasmic Antibody (ANCA)- Associated Vasculitis (AAV);Idiopathic Inflammatory Myositis (IIM);Systemic Sclerosis (SSc);Systemic Lupus Erythematosus (SLE);Lupus Nephritis,FT819;Fludarabine;Cyclophosphamide;Bendamustine,https://clinicaltrials.gov/study/NCT06308978
NCT06324357,ok,Beamion BCGC-1: A Study to Find a Suitable Dose of Zongertinib Used Alone and in Combination With Other Treatments to Test Whether it Helps People With Different Types of HER2+ Cancer That Has Spread,"Beamion BCGC-1: A Phase Ib Dose Escalation and Phase II Dose Optimization, Randomized, Open-label, Multicenter Trial of Oral Zongertinib (BI 1810631) Alone or in Combination With Other Agents for the Treatment of Patients With Advanced HER2+ Metastatic Breast Cancer (mBC), Metastatic Gastric, Gastroesophageal Junction, or Esophageal Adenocarcinoma (mGEAC), or Metastatic Colorectal Cancer (mCRC)",RECRUITING,2024-06-03,2029-01-08,2024-03-15,2026-04-28,PHASE1;PHASE2,768,Metastatic Breast Cancer;Metastatic Gastric Adenocarcinoma;Gastroesophageal Junction Adenocarcinoma;Esophageal Adenocarcinoma;Colorectal Cancer,Zongertinib;Trastuzumab deruxtecan;Trastuzumab emtansine;Trastuzumab;Capecitabine;mFOLFOX6;zanidatamab,https://clinicaltrials.gov/study/NCT06324357
NCT06347159,ok,A Study of EDG-7500 in Adults With Hypertrophic Cardiomyopathy (CIRRUS-HCM),"An Open-label Study to Evaluate the Safety, Tolerability, Pharmacokinetics, and Pharmacodynamics of EDG-7500 in Adults With Hypertrophic Cardiomyopathy",ACTIVE_NOT_RECRUITING,2024-04-11,2026-06,2024-03-18,2026-02-26,PHASE2,100,Hypertrophic Cardiomyopathy,EDG-7500;EDG-7500,https://clinicaltrials.gov/study/NCT06347159
NCT06388564,ok,A Study to Evaluate the Safety and Efficacy of Axatilimab in Combination With Ruxolitinib in Participants With Newly Diagnosed Chronic Graft-Versus-Host Disease,"A Phase 2, Open-Label, Randomized, Multicenter Study to Evaluate the Safety and Efficacy of Axatilimab in Combination With Ruxolitinib in Participants With Newly Diagnosed Chronic Graft-Versus-Host Disease",ACTIVE_NOT_RECRUITING,2024-10-11,2027-06-01,2024-04-25,2026-05-20,PHASE2,130,Chronic Graft-versus-host-disease,Axatilimab;Ruxolitinib;Corticosteroids,https://clinicaltrials.gov/study/NCT06388564
NCT06449209,ok,"Safety, Preliminary Effectiveness of BNT327, an Investigational Therapy for Patients With Small-cell Lung Cancer in Combination With Chemotherapy","A Phase II, Multi-site, Open-label, Parallel Group Trial of BNT327 in Combination With Chemotherapy for Participants With Untreated Extensive-stage Small-cell Lung Cancer and Participants With Previously Treated Small-cell Lung Cancer",ACTIVE_NOT_RECRUITING,2024-08-05,2027-06,2024-06-03,2026-04-16,PHASE2,110,Extensive-stage Small-cell Lung Cancer;Small-cell Lung Cancer,BNT327 Dose Level 1 (DL1);BNT327 Dose Level 2 (DL2);Etoposide;Carboplatin;Paclitaxel;Topotecan,https://clinicaltrials.gov/study/NCT06449209
NCT06523803,ok,A Study of ZW171 in Participants With Advanced or Metastatic Mesothelin-expressing Cancers,"A Phase 1, Open-label, Multicenter Study of ZW171 in Participants With Advanced or Metastatic Ovarian Cancer, Non-small Cell Lung Cancer (NSCLC), and Other Mesothelin Expressing Cancers",TERMINATED,2024-09-30,2025-09-30,2024-07-22,2025-10-16,PHASE1,32,Mesothelin-expressing Advanced Cancers,ZW171,https://clinicaltrials.gov/study/NCT06523803
NCT06555744,ok,A Study of ZW191 in Participants With Solid Tumors,"A Phase 1, Open-label, Multicenter Study to Assess the Safety, Tolerability, Pharmacokinetics, and Preliminary Anti-tumor Activity of Ascending Doses of a Folate Receptor Alpha Antibody Drug Conjugate, ZW191, in Participants With Advanced Solid Tumors",ACTIVE_NOT_RECRUITING,2024-10-30,2026-12,2024-08-13,2026-05-05,PHASE1,145,Advanced Solid Tumors,ZW191,https://clinicaltrials.gov/study/NCT06555744
NCT06617429,ok,Phase 3 Efficacy and Safety Study of GTX-102 in Pediatric Subjects With Angelman Syndrome (AS),"A Phase 3, Randomized, Double-blind, Sham-controlled Study Investigating the Efficacy and Safety of GTX-102 in Pediatric Subjects With Angelman Syndrome",ACTIVE_NOT_RECRUITING,2024-12-03,2026-07,2024-09-24,2026-05-04,PHASE3,129,Angelman Syndrome,GTX-102;Sham-LP,https://clinicaltrials.gov/study/NCT06617429
NCT06634420,ok,HAELO: A Phase 3 Study to Evaluate NTLA-2002 in Participants With Hereditary Angioedema (HAE),"HAELO: A Phase 3, Multinational, Randomized, Double-Blind, Placebo-Controlled Study to Evaluate the Efficacy and Safety of NTLA-2002 in Participants With Hereditary Angioedema (HAE)",ACTIVE_NOT_RECRUITING,2025-01-15,2026-02-10,2024-10-07,2026-05-14,PHASE3,80,Hereditary Angioedema,NTLA-2002;Normal Saline IV Administration,https://clinicaltrials.gov/study/NCT06634420
NCT06672237,ok,A Phase 3 Study of NTLA-2001 in ATTRv-PN,"MAGNITUDE-2: A Phase 3, Multinational, Randomized, Double-Blind, Placebo-Controlled Study to Evaluate the Efficacy and Safety of NTLA-2001 in Participants With Hereditary Transthyretin Amyloidosis With Polyneuropathy (ATTRv-PN)",RECRUITING,2024-11-22,2027-07,2024-11-01,2026-04-13,PHASE3,60,"Neuromuscular Disease;Neuromuscular Diseases (NMD);Neurodegenerative Disease;Neurodegenerative Disease, Hereditary;Neurodegenerative Diseases;Neuromuscular Diseases;Nerve Disorders;Nervous System Disease;Nervous System Diseases;Genetic Disease, Inborn;Amyloidosis, Familial;Amyloidosis, Hereditary;Amyloidosis;Polyneuropathies;Amyloid Neuropathies;Amyloid Neuropathies, Familial;Peripheral Nervous System Disease;Peripheral Nervous System Diseases;Metabolism, Inborn Errors;Metabolic Diseases",nexiguran ziclumeran;Normal Saline as Placebo,https://clinicaltrials.gov/study/NCT06672237
NCT06695130,ok,Study of a Combination Vaccine Comprised of Different Recombinant Spike Antigen Levels of a Matrix-M Adjuvanted Recombinant COVID-19 Vaccine and Recombinant Influenza Vaccine in Adult Participants 50 Years of Age and Older,"A Phase 1/2, Parallel, Randomized, Modified Double-blind, Multi-arm Study to Assess the Safety and Immunogenicity of a Combination Vaccine Comprised of Different Recombinant Spike Antigen Levels of a Matrix-M Adjuvanted Recombinant COVID-19 Vaccine and Recombinant Influenza Vaccine in Adult Participants 50 Years of Age and Older",COMPLETED,2024-11-18,2026-04-03,2024-11-14,2026-04-29,PHASE1;PHASE2,980,COVID-19 Immunization;Influenza Immunization,RIV (recombinant influenza vaccine);rC19 (dose 1);RIV + rC19 (dose 1);RIV + rC19 (dose 2);RIV + rC19 (dose 3);RIV + rC19 (dose 4);Placebo (0.9% NaCl),https://clinicaltrials.gov/study/NCT06695130
NCT06700538,ok,A First-In-Human Study of ARO-INHBE in Adults With Obesity With and Without Type 2 Diabetes Mellitus,"A Phase 1/2a Study to Evaluate the Safety, Tolerability, Pharmacokinetics, and Pharmacodynamics of ARO-INHBE in Adult Volunteers With Obesity With and Without Diabetes Mellitus",RECRUITING,2024-12-04,2027-09-17,2024-11-20,2026-04-21,PHASE1;PHASE2,180,Obesity,ARO-INHBE;Placebo;Tirzepatide,https://clinicaltrials.gov/study/NCT06700538
NCT06903338,ok,A Study to Evaluate Tobevibart + Elebsiran in Chronic HDV Infection,"A Phase 3 Randomized, Open-Label Study to Evaluate the Efficacy and Safety of Tobevibart + Elebsiran Combination Therapy in Participants With Chronic HDV Infection (ECLIPSE 1)",ACTIVE_NOT_RECRUITING,2025-03-12,2026-12-31,2025-03-24,2026-04-07,PHASE3,124,Viral Hepatitis,Tobevibart;Elebsiran,https://clinicaltrials.gov/study/NCT06903338
NCT07007312,ok,Studies to Assess Ziftomenib in Combination With Ven+Aza or 7+3 in Patients With Untreated NPM1-m or KMT2A-r AML,"Phase 3 Randomized, Double-blind, Placebo-controlled Studies Assessing Ziftomenib in Combination With Either Standard of Care Nonintensive (Venetoclax+Azacitidine) or Intensive (7+3) Therapy in Patients With Untreated NPM1 Mutated or KMT2A Rearranged Acute Myeloid Leukemia",RECRUITING,2025-09-26,2031-11,2025-05-16,2026-05-08,PHASE3,1300,Acute Myeloid Leukemia (AML),Ziftomenib;Placebo;Venetoclax;Azacitidine (AZA);Daunorubicin;Cytarabine (Ara-C),https://clinicaltrials.gov/study/NCT07007312
NCT07157254,ok,A Safety and Efficacy Study of GTX-102 in Subjects With Deletion- or Nondeletion-type Angelman Syndrome (AS),"A Phase 2, Open-label, Basket Study Investigating the Safety and Efficacy of GTX-102 in Adult and Pediatric Subjects With Deletion- or Nondeletion-type Angelman Syndrome",RECRUITING,2025-10-13,2030-01,2025-08-21,2026-04-23,PHASE2,60,Angelman Syndrome,No intervention;GTX-102,https://clinicaltrials.gov/study/NCT07157254
NCT07164313,ok,A Study of ZW251 in Participants With Advanced Solid Tumors,"A First-In-Human, Phase 1, Open-Label, Multicenter Study of ZW251, a Novel Glypican-3 Targeting Antibody-Drug Conjugate, in Participants With Advanced Solid Tumors, Including Hepatocellular Carcinoma",RECRUITING,2025-10-21,2027-09,2025-08-27,2026-05-05,PHASE1,100,Hepatocellular Carcinoma;Squamous Cell Non-Small Cell Lung Cancer;Germ Cell Tumor,ZW251,https://clinicaltrials.gov/study/NCT07164313
