ticker,asof_date,filed_at,shares_outstanding_before_event,source_type,source_url,accession_number,form,confidence,notes
CABA,2019-12-05,2019-12-05,24034022.0,sec_companyfacts_dei,https://www.sec.gov/Archives/edgar/data/1759138/000156459019045375,0001564590-19-045375,10-Q,0.82,SEC companyfacts DEI EntityCommonStockSharesOutstanding; join uses latest filed_at <= event_time.
CABA,2020-03-20,2020-03-30,24034022.0,sec_companyfacts_dei,https://www.sec.gov/Archives/edgar/data/1759138/000156459020013929,0001564590-20-013929,10-K,0.82,SEC companyfacts DEI EntityCommonStockSharesOutstanding; join uses latest filed_at <= event_time.
CABA,2020-05-08,2020-05-12,24034022.0,sec_companyfacts_dei,https://www.sec.gov/Archives/edgar/data/1759138/000156459020024508,0001564590-20-024508,10-Q,0.82,SEC companyfacts DEI EntityCommonStockSharesOutstanding; join uses latest filed_at <= event_time.
CABA,2020-07-29,2020-08-06,24039594.0,sec_companyfacts_dei,https://www.sec.gov/Archives/edgar/data/1759138/000156459020037278,0001564590-20-037278,10-Q,0.82,SEC companyfacts DEI EntityCommonStockSharesOutstanding; join uses latest filed_at <= event_time.
CABA,2020-11-02,2020-11-10,24055467.0,sec_companyfacts_dei,https://www.sec.gov/Archives/edgar/data/1759138/000156459020052757,0001564590-20-052757,10-Q,0.82,SEC companyfacts DEI EntityCommonStockSharesOutstanding; join uses latest filed_at <= event_time.
CABA,2021-03-10,2021-03-16,24062775.0,sec_companyfacts_dei,https://www.sec.gov/Archives/edgar/data/1759138/000156459021013329,0001564590-21-013329,10-K,0.82,SEC companyfacts DEI EntityCommonStockSharesOutstanding; join uses latest filed_at <= event_time.
CABA,2021-04-29,2021-05-03,24928333.0,sec_companyfacts_dei,https://www.sec.gov/Archives/edgar/data/1759138/000156459021022689,0001564590-21-022689,10-Q,0.82,SEC companyfacts DEI EntityCommonStockSharesOutstanding; join uses latest filed_at <= event_time.
CABA,2021-07-30,2021-08-05,24972830.0,sec_companyfacts_dei,https://www.sec.gov/Archives/edgar/data/1759138/000156459021041196,0001564590-21-041196,10-Q,0.82,SEC companyfacts DEI EntityCommonStockSharesOutstanding; join uses latest filed_at <= event_time.
CABA,2021-10-29,2021-11-01,28331638.0,sec_companyfacts_dei,https://www.sec.gov/Archives/edgar/data/1759138/000156459021053043,0001564590-21-053043,10-Q,0.82,SEC companyfacts DEI EntityCommonStockSharesOutstanding; join uses latest filed_at <= event_time.
CABA,2022-03-10,2022-03-17,28977129.0,sec_companyfacts_dei,https://www.sec.gov/Archives/edgar/data/1759138/000156459022010726,0001564590-22-010726,10-K,0.82,SEC companyfacts DEI EntityCommonStockSharesOutstanding; join uses latest filed_at <= event_time.
CABA,2022-05-06,2022-05-12,28977129.0,sec_companyfacts_dei,https://www.sec.gov/Archives/edgar/data/1759138/000156459022019677,0001564590-22-019677,10-Q,0.82,SEC companyfacts DEI EntityCommonStockSharesOutstanding; join uses latest filed_at <= event_time.
CABA,2022-08-05,2022-08-11,29013995.0,sec_companyfacts_dei,https://www.sec.gov/Archives/edgar/data/1759138/000095017022016650,0000950170-22-016650,10-Q,0.82,SEC companyfacts DEI EntityCommonStockSharesOutstanding; join uses latest filed_at <= event_time.
CABA,2022-11-04,2022-11-10,29013995.0,sec_companyfacts_dei,https://www.sec.gov/Archives/edgar/data/1759138/000095017022024168,0000950170-22-024168,10-Q,0.82,SEC companyfacts DEI EntityCommonStockSharesOutstanding; join uses latest filed_at <= event_time.
CABA,2023-03-10,2023-03-16,31340989.0,sec_companyfacts_dei,https://www.sec.gov/Archives/edgar/data/1759138/000095017023008298,0000950170-23-008298,10-K,0.82,SEC companyfacts DEI EntityCommonStockSharesOutstanding; join uses latest filed_at <= event_time.
CABA,2023-05-05,2023-05-11,31355723.0,sec_companyfacts_dei,https://www.sec.gov/Archives/edgar/data/1759138/000095017023020849,0000950170-23-020849,10-Q,0.82,SEC companyfacts DEI EntityCommonStockSharesOutstanding; join uses latest filed_at <= event_time.
CABA,2023-08-04,2023-08-10,39805032.0,sec_companyfacts_dei,https://www.sec.gov/Archives/edgar/data/1759138/000095017023040966,0000950170-23-040966,10-Q,0.82,SEC companyfacts DEI EntityCommonStockSharesOutstanding; join uses latest filed_at <= event_time.
CABA,2023-11-03,2023-11-09,42849412.0,sec_companyfacts_dei,https://www.sec.gov/Archives/edgar/data/1759138/000095017023061528,0000950170-23-061528,10-Q,0.82,SEC companyfacts DEI EntityCommonStockSharesOutstanding; join uses latest filed_at <= event_time.
CABA,2024-03-15,2024-03-21,48241615.0,sec_companyfacts_dei,https://www.sec.gov/Archives/edgar/data/1759138/000095017024034422,0000950170-24-034422,10-K,0.82,SEC companyfacts DEI EntityCommonStockSharesOutstanding; join uses latest filed_at <= event_time.
CABA,2024-05-10,2024-05-15,48276522.0,sec_companyfacts_dei,https://www.sec.gov/Archives/edgar/data/1759138/000095017024060045,0000950170-24-060045,10-Q,0.82,SEC companyfacts DEI EntityCommonStockSharesOutstanding; join uses latest filed_at <= event_time.
CABA,2024-08-02,2024-08-08,48848673.0,sec_companyfacts_dei,https://www.sec.gov/Archives/edgar/data/1759138/000095017024093325,0000950170-24-093325,10-Q,0.82,SEC companyfacts DEI EntityCommonStockSharesOutstanding; join uses latest filed_at <= event_time.
CABA,2024-11-08,2024-11-14,48877164.0,sec_companyfacts_dei,https://www.sec.gov/Archives/edgar/data/1759138/000095017024126733,0000950170-24-126733,10-Q,0.82,SEC companyfacts DEI EntityCommonStockSharesOutstanding; join uses latest filed_at <= event_time.
CABA,2025-03-27,2025-03-31,50743101.0,sec_companyfacts_dei,https://www.sec.gov/Archives/edgar/data/1759138/000095017025047201,0000950170-25-047201,10-K,0.82,SEC companyfacts DEI EntityCommonStockSharesOutstanding; join uses latest filed_at <= event_time.
CABA,2025-05-09,2025-05-15,50743101.0,sec_companyfacts_dei,https://www.sec.gov/Archives/edgar/data/1759138/000095017025071971,0000950170-25-071971,10-Q,0.82,SEC companyfacts DEI EntityCommonStockSharesOutstanding; join uses latest filed_at <= event_time.
CABA,2025-08-01,2025-08-07,91465233.0,sec_companyfacts_dei,https://www.sec.gov/Archives/edgar/data/1759138/000095017025104573,0000950170-25-104573,10-Q,0.82,SEC companyfacts DEI EntityCommonStockSharesOutstanding; join uses latest filed_at <= event_time.
CABA,2025-10-31,2025-11-10,96265204.0,sec_companyfacts_dei,https://www.sec.gov/Archives/edgar/data/1759138/000119312525273280,0001193125-25-273280,10-Q,0.82,SEC companyfacts DEI EntityCommonStockSharesOutstanding; join uses latest filed_at <= event_time.
CABA,2026-03-19,2026-03-23,111322671.0,sec_companyfacts_dei,https://www.sec.gov/Archives/edgar/data/1759138/000175913826000011,0001759138-26-000011,10-K,0.82,SEC companyfacts DEI EntityCommonStockSharesOutstanding; join uses latest filed_at <= event_time.
CABA,2026-05-07,2026-05-14,163054796.0,sec_companyfacts_dei,https://www.sec.gov/Archives/edgar/data/1759138/000175913826000026,0001759138-26-000026,10-Q,0.82,SEC companyfacts DEI EntityCommonStockSharesOutstanding; join uses latest filed_at <= event_time.
ENVX,2021-05-20,2021-05-21,14086153.0,sec_companyfacts_dei,https://www.sec.gov/Archives/edgar/data/1828318/000110465921070110,0001104659-21-070110,10-Q,0.82,SEC companyfacts DEI EntityCommonStockSharesOutstanding; join uses latest filed_at <= event_time.
ENVX,2021-08-12,2021-08-16,145245628.0,sec_companyfacts_dei,https://www.sec.gov/Archives/edgar/data/1828318/000095017021001463,0000950170-21-001463,10-Q,0.82,SEC companyfacts DEI EntityCommonStockSharesOutstanding; join uses latest filed_at <= event_time.
ENVX,2021-11-09,2021-11-15,145245628.0,sec_companyfacts_dei,https://www.sec.gov/Archives/edgar/data/1828318/000095017021004596,0000950170-21-004596,10-Q,0.82,SEC companyfacts DEI EntityCommonStockSharesOutstanding; join uses latest filed_at <= event_time.
ENVX,2022-03-21,2022-03-25,156481095.0,sec_companyfacts_dei,https://www.sec.gov/Archives/edgar/data/1828318/000095017022004614,0000950170-22-004614,10-K,0.82,SEC companyfacts DEI EntityCommonStockSharesOutstanding; join uses latest filed_at <= event_time.
ENVX,2022-05-13,2022-05-18,156827136.0,sec_companyfacts_dei,https://www.sec.gov/Archives/edgar/data/1828318/000095017022010240,0000950170-22-010240,10-Q,0.82,SEC companyfacts DEI EntityCommonStockSharesOutstanding; join uses latest filed_at <= event_time.
ENVX,2022-08-11,2022-08-16,157148372.0,sec_companyfacts_dei,https://www.sec.gov/Archives/edgar/data/1828318/000182831822000026,0001828318-22-000026,10-Q,0.82,SEC companyfacts DEI EntityCommonStockSharesOutstanding; join uses latest filed_at <= event_time.
ENVX,2022-10-31,2022-11-04,157103967.0,sec_companyfacts_dei,https://www.sec.gov/Archives/edgar/data/1828318/000182831822000071,0001828318-22-000071,10-Q,0.82,SEC companyfacts DEI EntityCommonStockSharesOutstanding; join uses latest filed_at <= event_time.
ENVX,2023-02-24,2023-03-01,157780082.0,sec_companyfacts_dei,https://www.sec.gov/Archives/edgar/data/1828318/000182831823000071,0001828318-23-000071,10-K,0.82,SEC companyfacts DEI EntityCommonStockSharesOutstanding; join uses latest filed_at <= event_time.
ENVX,2023-05-01,2023-05-05,158160110.0,sec_companyfacts_dei,https://www.sec.gov/Archives/edgar/data/1828318/000162828023016122,0001628280-23-016122,10-Q,0.82,SEC companyfacts DEI EntityCommonStockSharesOutstanding; join uses latest filed_at <= event_time.
ENVX,2023-08-07,2023-08-09,160126939.0,sec_companyfacts_dei,https://www.sec.gov/Archives/edgar/data/1828318/000182831823000168,0001828318-23-000168,10-Q,0.82,SEC companyfacts DEI EntityCommonStockSharesOutstanding; join uses latest filed_at <= event_time.
ENVX,2023-11-06,2023-11-09,167774133.0,sec_companyfacts_dei,https://www.sec.gov/Archives/edgar/data/1828318/000182831823000206,0001828318-23-000206,10-Q,0.82,SEC companyfacts DEI EntityCommonStockSharesOutstanding; join uses latest filed_at <= event_time.
ENVX,2024-02-22,2024-02-29,168504136.0,sec_companyfacts_dei,https://www.sec.gov/Archives/edgar/data/1828318/000182831824000021,0001828318-24-000021,10-K,0.82,SEC companyfacts DEI EntityCommonStockSharesOutstanding; join uses latest filed_at <= event_time.
ENVX,2024-05-02,2024-05-07,170000050.0,sec_companyfacts_dei,https://www.sec.gov/Archives/edgar/data/1828318/000182831824000066,0001828318-24-000066,10-Q,0.82,SEC companyfacts DEI EntityCommonStockSharesOutstanding; join uses latest filed_at <= event_time.
ENVX,2024-07-30,2024-08-05,176284698.0,sec_companyfacts_dei,https://www.sec.gov/Archives/edgar/data/1828318/000162828024034500,0001628280-24-034500,10-Q,0.82,SEC companyfacts DEI EntityCommonStockSharesOutstanding; join uses latest filed_at <= event_time.
ENVX,2024-10-28,2024-10-30,177977204.0,sec_companyfacts_dei,https://www.sec.gov/Archives/edgar/data/1828318/000182831824000233,0001828318-24-000233,10-Q,0.82,SEC companyfacts DEI EntityCommonStockSharesOutstanding; join uses latest filed_at <= event_time.
ENVX,2025-02-19,2025-02-25,191273833.0,sec_companyfacts_dei,https://www.sec.gov/Archives/edgar/data/1828318/000182831825000057,0001828318-25-000057,10-K,0.82,SEC companyfacts DEI EntityCommonStockSharesOutstanding; join uses latest filed_at <= event_time.
ENVX,2025-04-28,2025-05-02,192003858.0,sec_companyfacts_dei,https://www.sec.gov/Archives/edgar/data/1828318/000182831825000148,0001828318-25-000148,10-Q,0.82,SEC companyfacts DEI EntityCommonStockSharesOutstanding; join uses latest filed_at <= event_time.
ENVX,2025-07-28,2025-07-31,196600013.0,sec_companyfacts_dei,https://www.sec.gov/Archives/edgar/data/1828318/000182831825000275,0001828318-25-000275,10-Q,0.82,SEC companyfacts DEI EntityCommonStockSharesOutstanding; join uses latest filed_at <= event_time.
ENVX,2025-11-03,2025-11-05,215816004.0,sec_companyfacts_dei,https://www.sec.gov/Archives/edgar/data/1828318/000182831825000310,0001828318-25-000310,10-Q,0.82,SEC companyfacts DEI EntityCommonStockSharesOutstanding; join uses latest filed_at <= event_time.
ENVX,2026-02-20,2026-02-25,217224442.0,sec_companyfacts_dei,https://www.sec.gov/Archives/edgar/data/1828318/000182831826000006,0001828318-26-000006,10-K,0.82,SEC companyfacts DEI EntityCommonStockSharesOutstanding; join uses latest filed_at <= event_time.
ENVX,2026-02-20,2026-02-26,217224442.0,sec_companyfacts_dei,https://www.sec.gov/Archives/edgar/data/1828318/000182831826000012,0001828318-26-000012,10-K/A,0.82,SEC companyfacts DEI EntityCommonStockSharesOutstanding; join uses latest filed_at <= event_time.
ENVX,2026-05-08,2026-05-14,218153440.0,sec_companyfacts_dei,https://www.sec.gov/Archives/edgar/data/1828318/000182831826000029,0001828318-26-000029,10-Q,0.82,SEC companyfacts DEI EntityCommonStockSharesOutstanding; join uses latest filed_at <= event_time.
JOBY,2021-08-10,2021-08-13,603887944.0,sec_companyfacts_dei,https://www.sec.gov/Archives/edgar/data/1819848/000119312521246181,0001193125-21-246181,10-Q,0.82,SEC companyfacts DEI EntityCommonStockSharesOutstanding; join uses latest filed_at <= event_time.
JOBY,2021-11-08,2021-11-15,603894394.0,sec_companyfacts_dei,https://www.sec.gov/Archives/edgar/data/1819848/000095017021004418,0000950170-21-004418,10-Q,0.82,SEC companyfacts DEI EntityCommonStockSharesOutstanding; join uses latest filed_at <= event_time.
JOBY,2022-03-15,2022-03-28,605796764.0,sec_companyfacts_dei,https://www.sec.gov/Archives/edgar/data/1819848/000095017022004706,0000950170-22-004706,10-K,0.82,SEC companyfacts DEI EntityCommonStockSharesOutstanding; join uses latest filed_at <= event_time.
JOBY,2022-05-10,2022-05-13,606458106.0,sec_companyfacts_dei,https://www.sec.gov/Archives/edgar/data/1819848/000095017022009870,0000950170-22-009870,10-Q,0.82,SEC companyfacts DEI EntityCommonStockSharesOutstanding; join uses latest filed_at <= event_time.
JOBY,2022-08-09,2022-08-12,607568358.0,sec_companyfacts_dei,https://www.sec.gov/Archives/edgar/data/1819848/000181984822000085,0001819848-22-000085,10-Q,0.82,SEC companyfacts DEI EntityCommonStockSharesOutstanding; join uses latest filed_at <= event_time.
JOBY,2022-11-02,2022-11-04,621731378.0,sec_companyfacts_dei,https://www.sec.gov/Archives/edgar/data/1819848/000181984822000187,0001819848-22-000187,10-Q,0.82,SEC companyfacts DEI EntityCommonStockSharesOutstanding; join uses latest filed_at <= event_time.
JOBY,2023-02-21,2023-03-01,628585600.0,sec_companyfacts_dei,https://www.sec.gov/Archives/edgar/data/1819848/000181984823000059,0001819848-23-000059,10-K,0.82,SEC companyfacts DEI EntityCommonStockSharesOutstanding; join uses latest filed_at <= event_time.
JOBY,2023-05-03,2023-05-05,630978702.0,sec_companyfacts_dei,https://www.sec.gov/Archives/edgar/data/1819848/000181984823000169,0001819848-23-000169,10-Q,0.82,SEC companyfacts DEI EntityCommonStockSharesOutstanding; join uses latest filed_at <= event_time.
JOBY,2023-08-01,2023-08-04,693799351.0,sec_companyfacts_dei,https://www.sec.gov/Archives/edgar/data/1819848/000181984823000321,0001819848-23-000321,10-Q,0.82,SEC companyfacts DEI EntityCommonStockSharesOutstanding; join uses latest filed_at <= event_time.
JOBY,2023-10-31,2023-11-06,696319445.0,sec_companyfacts_dei,https://www.sec.gov/Archives/edgar/data/1819848/000181984823000425,0001819848-23-000425,10-Q,0.82,SEC companyfacts DEI EntityCommonStockSharesOutstanding; join uses latest filed_at <= event_time.
JOBY,2024-02-21,2024-02-27,702857098.0,sec_companyfacts_dei,https://www.sec.gov/Archives/edgar/data/1819848/000181984824000125,0001819848-24-000125,10-K,0.82,SEC companyfacts DEI EntityCommonStockSharesOutstanding; join uses latest filed_at <= event_time.
JOBY,2024-05-03,2024-05-08,708440711.0,sec_companyfacts_dei,https://www.sec.gov/Archives/edgar/data/1819848/000181984824000270,0001819848-24-000270,10-Q,0.82,SEC companyfacts DEI EntityCommonStockSharesOutstanding; join uses latest filed_at <= event_time.
JOBY,2024-08-05,2024-08-08,716142677.0,sec_companyfacts_dei,https://www.sec.gov/Archives/edgar/data/1819848/000181984824000372,0001819848-24-000372,10-Q,0.82,SEC companyfacts DEI EntityCommonStockSharesOutstanding; join uses latest filed_at <= event_time.
JOBY,2024-11-04,2024-11-06,765085553.0,sec_companyfacts_dei,https://www.sec.gov/Archives/edgar/data/1819848/000181984824000474,0001819848-24-000474,10-Q,0.82,SEC companyfacts DEI EntityCommonStockSharesOutstanding; join uses latest filed_at <= event_time.
JOBY,2025-02-24,2025-02-27,787816925.0,sec_companyfacts_dei,https://www.sec.gov/Archives/edgar/data/1819848/000181984825000196,0001819848-25-000196,10-K,0.82,SEC companyfacts DEI EntityCommonStockSharesOutstanding; join uses latest filed_at <= event_time.
JOBY,2025-05-05,2025-05-08,791798076.0,sec_companyfacts_dei,https://www.sec.gov/Archives/edgar/data/1819848/000181984825000338,0001819848-25-000338,10-Q,0.82,SEC companyfacts DEI EntityCommonStockSharesOutstanding; join uses latest filed_at <= event_time.
JOBY,2025-08-04,2025-08-07,855981489.0,sec_companyfacts_dei,https://www.sec.gov/Archives/edgar/data/1819848/000181984825000499,0001819848-25-000499,10-Q,0.82,SEC companyfacts DEI EntityCommonStockSharesOutstanding; join uses latest filed_at <= event_time.
JOBY,2025-11-03,2025-11-06,911783173.0,sec_companyfacts_dei,https://www.sec.gov/Archives/edgar/data/1819848/000181984825000596,0001819848-25-000596,10-Q,0.82,SEC companyfacts DEI EntityCommonStockSharesOutstanding; join uses latest filed_at <= event_time.
JOBY,2026-02-23,2026-02-27,979334237.0,sec_companyfacts_dei,https://www.sec.gov/Archives/edgar/data/1819848/000181984826000160,0001819848-26-000160,10-K,0.82,SEC companyfacts DEI EntityCommonStockSharesOutstanding; join uses latest filed_at <= event_time.
JOBY,2026-05-04,2026-05-06,983642852.0,sec_companyfacts_dei,https://www.sec.gov/Archives/edgar/data/1819848/000181984826000324,0001819848-26-000324,10-Q,0.82,SEC companyfacts DEI EntityCommonStockSharesOutstanding; join uses latest filed_at <= event_time.
LUNR,2023-03-29,2023-03-31,84172557.0,sec_companyfacts_dei,https://www.sec.gov/Archives/edgar/data/1844452/000121390023024857,0001213900-23-024857,10-K,0.82,SEC companyfacts DEI EntityCommonStockSharesOutstanding; join uses latest filed_at <= event_time.
MVST,2019-05-06,2019-05-15,35487000.0,sec_companyfacts_dei,https://www.sec.gov/Archives/edgar/data/1760689/000121390019008803,0001213900-19-008803,10-Q,0.82,SEC companyfacts DEI EntityCommonStockSharesOutstanding; join uses latest filed_at <= event_time.
MVST,2019-08-12,2019-08-12,35487000.0,sec_companyfacts_dei,https://www.sec.gov/Archives/edgar/data/1760689/000121390019015362,0001213900-19-015362,10-Q,0.82,SEC companyfacts DEI EntityCommonStockSharesOutstanding; join uses latest filed_at <= event_time.
MVST,2019-11-12,2019-11-12,35487000.0,sec_companyfacts_dei,https://www.sec.gov/Archives/edgar/data/1760689/000121390019022913,0001213900-19-022913,10-Q,0.82,SEC companyfacts DEI EntityCommonStockSharesOutstanding; join uses latest filed_at <= event_time.
MVST,2020-03-13,2020-03-13,35487000.0,sec_companyfacts_dei,https://www.sec.gov/Archives/edgar/data/1760689/000121390020006365,0001213900-20-006365,10-K,0.82,SEC companyfacts DEI EntityCommonStockSharesOutstanding; join uses latest filed_at <= event_time.
MVST,2020-05-04,2020-05-04,35487000.0,sec_companyfacts_dei,https://www.sec.gov/Archives/edgar/data/1760689/000121390020010906,0001213900-20-010906,10-Q,0.82,SEC companyfacts DEI EntityCommonStockSharesOutstanding; join uses latest filed_at <= event_time.
MVST,2020-08-07,2020-08-07,35487000.0,sec_companyfacts_dei,https://www.sec.gov/Archives/edgar/data/1760689/000121390020020923,0001213900-20-020923,10-Q,0.82,SEC companyfacts DEI EntityCommonStockSharesOutstanding; join uses latest filed_at <= event_time.
MVST,2020-11-09,2020-11-09,35487000.0,sec_companyfacts_dei,https://www.sec.gov/Archives/edgar/data/1760689/000121390020035959,0001213900-20-035959,10-Q,0.82,SEC companyfacts DEI EntityCommonStockSharesOutstanding; join uses latest filed_at <= event_time.
MVST,2021-03-23,2021-03-25,35483802.0,sec_companyfacts_dei,https://www.sec.gov/Archives/edgar/data/1760689/000121390021017601,0001213900-21-017601,10-K,0.82,SEC companyfacts DEI EntityCommonStockSharesOutstanding; join uses latest filed_at <= event_time.
MVST,2021-05-21,2021-06-01,35470512.0,sec_companyfacts_dei,https://www.sec.gov/Archives/edgar/data/1760689/000121390021030047,0001213900-21-030047,10-K/A,0.82,SEC companyfacts DEI EntityCommonStockSharesOutstanding; join uses latest filed_at <= event_time.
MVST,2021-05-21,2021-06-02,35470512.0,sec_companyfacts_dei,https://www.sec.gov/Archives/edgar/data/1760689/000121390021030377,0001213900-21-030377,10-Q,0.82,SEC companyfacts DEI EntityCommonStockSharesOutstanding; join uses latest filed_at <= event_time.
MVST,2021-08-16,2021-08-17,300516246.0,sec_companyfacts_dei,https://www.sec.gov/Archives/edgar/data/1760689/000121390021043290,0001213900-21-043290,10-Q,0.82,SEC companyfacts DEI EntityCommonStockSharesOutstanding; join uses latest filed_at <= event_time.
MVST,2021-11-12,2021-11-15,300522394.0,sec_companyfacts_dei,https://www.sec.gov/Archives/edgar/data/1760689/000121390021059404,0001213900-21-059404,10-Q,0.82,SEC companyfacts DEI EntityCommonStockSharesOutstanding; join uses latest filed_at <= event_time.
MVST,2022-03-25,2022-03-29,300530516.0,sec_companyfacts_dei,https://www.sec.gov/Archives/edgar/data/1760689/000121390022015871,0001213900-22-015871,10-K,0.82,SEC companyfacts DEI EntityCommonStockSharesOutstanding; join uses latest filed_at <= event_time.
MVST,2022-05-12,2022-05-16,302538640.0,sec_companyfacts_dei,https://www.sec.gov/Archives/edgar/data/1760689/000176068922000026,0001760689-22-000026,10-Q,0.82,SEC companyfacts DEI EntityCommonStockSharesOutstanding; join uses latest filed_at <= event_time.
MVST,2022-07-22,2022-08-11,302546766.0,sec_companyfacts_dei,https://www.sec.gov/Archives/edgar/data/1760689/000176068922000084,0001760689-22-000084,10-Q,0.82,SEC companyfacts DEI EntityCommonStockSharesOutstanding; join uses latest filed_at <= event_time.
MVST,2022-11-07,2022-11-10,309292067.0,sec_companyfacts_dei,https://www.sec.gov/Archives/edgar/data/1760689/000176068922000112,0001760689-22-000112,10-Q,0.82,SEC companyfacts DEI EntityCommonStockSharesOutstanding; join uses latest filed_at <= event_time.
MVST,2023-03-10,2023-03-16,309408528.0,sec_companyfacts_dei,https://www.sec.gov/Archives/edgar/data/1760689/000176068923000014,0001760689-23-000014,10-K,0.82,SEC companyfacts DEI EntityCommonStockSharesOutstanding; join uses latest filed_at <= event_time.
MVST,2023-05-05,2023-05-09,309427448.0,sec_companyfacts_dei,https://www.sec.gov/Archives/edgar/data/1760689/000176068923000020,0001760689-23-000020,10-Q,0.82,SEC companyfacts DEI EntityCommonStockSharesOutstanding; join uses latest filed_at <= event_time.
MVST,2023-08-02,2023-08-08,316307715.0,sec_companyfacts_dei,https://www.sec.gov/Archives/edgar/data/1760689/000176068923000026,0001760689-23-000026,10-Q,0.82,SEC companyfacts DEI EntityCommonStockSharesOutstanding; join uses latest filed_at <= event_time.
MVST,2023-11-06,2023-11-09,316534825.0,sec_companyfacts_dei,https://www.sec.gov/Archives/edgar/data/1760689/000176068923000040,0001760689-23-000040,10-Q,0.82,SEC companyfacts DEI EntityCommonStockSharesOutstanding; join uses latest filed_at <= event_time.
MVST,2024-03-08,2024-04-01,317206095.0,sec_companyfacts_dei,https://www.sec.gov/Archives/edgar/data/1760689/000176068924000007,0001760689-24-000007,10-K,0.82,SEC companyfacts DEI EntityCommonStockSharesOutstanding; join uses latest filed_at <= event_time.
MVST,2024-05-06,2024-05-09,317196095.0,sec_companyfacts_dei,https://www.sec.gov/Archives/edgar/data/1760689/000176068924000016,0001760689-24-000016,10-Q,0.82,SEC companyfacts DEI EntityCommonStockSharesOutstanding; join uses latest filed_at <= event_time.
MVST,2024-08-05,2024-08-09,323815298.0,sec_companyfacts_dei,https://www.sec.gov/Archives/edgar/data/1760689/000176068924000027,0001760689-24-000027,10-Q,0.82,SEC companyfacts DEI EntityCommonStockSharesOutstanding; join uses latest filed_at <= event_time.
MVST,2024-11-08,2024-11-12,323815298.0,sec_companyfacts_dei,https://www.sec.gov/Archives/edgar/data/1760689/000176068924000046,0001760689-24-000046,10-Q,0.82,SEC companyfacts DEI EntityCommonStockSharesOutstanding; join uses latest filed_at <= event_time.
MVST,2024-08-05,2025-03-31,323815298.0,sec_companyfacts_dei,https://www.sec.gov/Archives/edgar/data/1760689/000176068925000005,0001760689-25-000005,10-Q/A,0.82,SEC companyfacts DEI EntityCommonStockSharesOutstanding; join uses latest filed_at <= event_time.
MVST,2024-11-08,2025-03-31,323815298.0,sec_companyfacts_dei,https://www.sec.gov/Archives/edgar/data/1760689/000176068925000006,0001760689-25-000006,10-Q/A,0.82,SEC companyfacts DEI EntityCommonStockSharesOutstanding; join uses latest filed_at <= event_time.
MVST,2025-03-24,2025-03-31,325209085.0,sec_companyfacts_dei,https://www.sec.gov/Archives/edgar/data/1760689/000176068925000010,0001760689-25-000010,10-K,0.82,SEC companyfacts DEI EntityCommonStockSharesOutstanding; join uses latest filed_at <= event_time.
MVST,2025-05-05,2025-05-12,325341389.0,sec_companyfacts_dei,https://www.sec.gov/Archives/edgar/data/1760689/000176068925000018,0001760689-25-000018,10-Q,0.82,SEC companyfacts DEI EntityCommonStockSharesOutstanding; join uses latest filed_at <= event_time.
MVST,2025-08-05,2025-08-11,325354111.0,sec_companyfacts_dei,https://www.sec.gov/Archives/edgar/data/1760689/000162828025039643,0001628280-25-039643,10-Q,0.82,SEC companyfacts DEI EntityCommonStockSharesOutstanding; join uses latest filed_at <= event_time.
MVST,2025-11-07,2025-11-10,328182834.0,sec_companyfacts_dei,https://www.sec.gov/Archives/edgar/data/1760689/000162828025051119,0001628280-25-051119,10-Q,0.82,SEC companyfacts DEI EntityCommonStockSharesOutstanding; join uses latest filed_at <= event_time.
MVST,2026-03-09,2026-03-16,332032946.0,sec_companyfacts_dei,https://www.sec.gov/Archives/edgar/data/1760689/000162828026018264,0001628280-26-018264,10-K,0.82,SEC companyfacts DEI EntityCommonStockSharesOutstanding; join uses latest filed_at <= event_time.
MVST,2026-05-04,2026-05-11,333157384.0,sec_companyfacts_dei,https://www.sec.gov/Archives/edgar/data/1760689/000162828026033590,0001628280-26-033590,10-Q,0.82,SEC companyfacts DEI EntityCommonStockSharesOutstanding; join uses latest filed_at <= event_time.
OUST,2021-05-13,2021-05-14,161449205.0,sec_companyfacts_dei,https://www.sec.gov/Archives/edgar/data/1816581/000162828021010318,0001628280-21-010318,10-Q,0.82,SEC companyfacts DEI EntityCommonStockSharesOutstanding; join uses latest filed_at <= event_time.
OUST,2021-06-25,2021-06-30,161343284.0,sec_companyfacts_dei,https://www.sec.gov/Archives/edgar/data/1816581/000119312521204699,0001193125-21-204699,10-K/A,0.82,SEC companyfacts DEI EntityCommonStockSharesOutstanding; join uses latest filed_at <= event_time.
OUST,2021-08-06,2021-08-10,161343284.0,sec_companyfacts_dei,https://www.sec.gov/Archives/edgar/data/1816581/000162828021016321,0001628280-21-016321,10-Q,0.82,SEC companyfacts DEI EntityCommonStockSharesOutstanding; join uses latest filed_at <= event_time.
OUST,2021-11-11,2021-11-12,171604276.0,sec_companyfacts_dei,https://www.sec.gov/Archives/edgar/data/1816581/000162828021023166,0001628280-21-023166,10-Q,0.82,SEC companyfacts DEI EntityCommonStockSharesOutstanding; join uses latest filed_at <= event_time.
OUST,2021-11-11,2021-11-15,171604276.0,sec_companyfacts_dei,https://www.sec.gov/Archives/edgar/data/1816581/000162828021023387,0001628280-21-023387,10-Q/A,0.82,SEC companyfacts DEI EntityCommonStockSharesOutstanding; join uses latest filed_at <= event_time.
OUST,2022-02-25,2022-02-28,172795534.0,sec_companyfacts_dei,https://www.sec.gov/Archives/edgar/data/1816581/000162828022004256,0001628280-22-004256,10-K,0.82,SEC companyfacts DEI EntityCommonStockSharesOutstanding; join uses latest filed_at <= event_time.
OUST,2022-05-05,2022-05-06,173664057.0,sec_companyfacts_dei,https://www.sec.gov/Archives/edgar/data/1816581/000162828022013060,0001628280-22-013060,10-Q,0.82,SEC companyfacts DEI EntityCommonStockSharesOutstanding; join uses latest filed_at <= event_time.
OUST,2022-08-04,2022-08-05,181719695.0,sec_companyfacts_dei,https://www.sec.gov/Archives/edgar/data/1816581/000162828022021334,0001628280-22-021334,10-Q,0.82,SEC companyfacts DEI EntityCommonStockSharesOutstanding; join uses latest filed_at <= event_time.
OUST,2022-11-07,2022-11-08,184531202.0,sec_companyfacts_dei,https://www.sec.gov/Archives/edgar/data/1816581/000162828022028989,0001628280-22-028989,10-Q,0.82,SEC companyfacts DEI EntityCommonStockSharesOutstanding; join uses latest filed_at <= event_time.
OUST,2023-03-23,2023-03-24,386269049.0,sec_companyfacts_dei,https://www.sec.gov/Archives/edgar/data/1816581/000162828023009161,0001628280-23-009161,10-K,0.82,SEC companyfacts DEI EntityCommonStockSharesOutstanding; join uses latest filed_at <= event_time.
OUST,2023-05-10,2023-05-12,38814621.0,sec_companyfacts_dei,https://www.sec.gov/Archives/edgar/data/1816581/000162828023017873,0001628280-23-017873,10-Q,0.82,SEC companyfacts DEI EntityCommonStockSharesOutstanding; join uses latest filed_at <= event_time.
OUST,2023-08-09,2023-08-14,39501552.0,sec_companyfacts_dei,https://www.sec.gov/Archives/edgar/data/1816581/000162828023029351,0001628280-23-029351,10-Q,0.82,SEC companyfacts DEI EntityCommonStockSharesOutstanding; join uses latest filed_at <= event_time.
OUST,2023-11-09,2023-11-13,40692290.0,sec_companyfacts_dei,https://www.sec.gov/Archives/edgar/data/1816581/000162828023038609,0001628280-23-038609,10-Q,0.82,SEC companyfacts DEI EntityCommonStockSharesOutstanding; join uses latest filed_at <= event_time.
OUST,2024-03-21,2024-03-28,40671374.0,sec_companyfacts_dei,https://www.sec.gov/Archives/edgar/data/1816581/000162828024013619,0001628280-24-013619,10-K,0.82,SEC companyfacts DEI EntityCommonStockSharesOutstanding; join uses latest filed_at <= event_time.
OUST,2024-05-09,2024-05-13,45225055.0,sec_companyfacts_dei,https://www.sec.gov/Archives/edgar/data/1816581/000162828024022948,0001628280-24-022948,10-Q,0.82,SEC companyfacts DEI EntityCommonStockSharesOutstanding; join uses latest filed_at <= event_time.
OUST,2024-08-09,2024-08-14,48330292.0,sec_companyfacts_dei,https://www.sec.gov/Archives/edgar/data/1816581/000162828024036996,0001628280-24-036996,10-Q,0.82,SEC companyfacts DEI EntityCommonStockSharesOutstanding; join uses latest filed_at <= event_time.
OUST,2024-11-04,2024-11-08,49770639.0,sec_companyfacts_dei,https://www.sec.gov/Archives/edgar/data/1816581/000162828024046736,0001628280-24-046736,10-Q,0.82,SEC companyfacts DEI EntityCommonStockSharesOutstanding; join uses latest filed_at <= event_time.
OUST,2025-03-17,2025-03-21,53765990.0,sec_companyfacts_dei,https://www.sec.gov/Archives/edgar/data/1816581/000162828025014318,0001628280-25-014318,10-K,0.82,SEC companyfacts DEI EntityCommonStockSharesOutstanding; join uses latest filed_at <= event_time.
OUST,2025-05-02,2025-05-09,53794970.0,sec_companyfacts_dei,https://www.sec.gov/Archives/edgar/data/1816581/000162828025024281,0001628280-25-024281,10-Q,0.82,SEC companyfacts DEI EntityCommonStockSharesOutstanding; join uses latest filed_at <= event_time.
OUST,2025-08-08,2025-08-11,57819244.0,sec_companyfacts_dei,https://www.sec.gov/Archives/edgar/data/1816581/000162828025039599,0001628280-25-039599,10-Q,0.82,SEC companyfacts DEI EntityCommonStockSharesOutstanding; join uses latest filed_at <= event_time.
OUST,2025-10-29,2025-11-05,60005219.0,sec_companyfacts_dei,https://www.sec.gov/Archives/edgar/data/1816581/000162828025049640,0001628280-25-049640,10-Q,0.82,SEC companyfacts DEI EntityCommonStockSharesOutstanding; join uses latest filed_at <= event_time.
OUST,2025-10-29,2025-11-07,60005219.0,sec_companyfacts_dei,https://www.sec.gov/Archives/edgar/data/1816581/000119312525270906,0001193125-25-270906,10-Q/A,0.82,SEC companyfacts DEI EntityCommonStockSharesOutstanding; join uses latest filed_at <= event_time.
OUST,2026-02-25,2026-03-02,62803991.0,sec_companyfacts_dei,https://www.sec.gov/Archives/edgar/data/1816581/000162828026013313,0001628280-26-013313,10-K,0.82,SEC companyfacts DEI EntityCommonStockSharesOutstanding; join uses latest filed_at <= event_time.
OUST,2026-05-01,2026-05-05,63672949.0,sec_companyfacts_dei,https://www.sec.gov/Archives/edgar/data/1816581/000162828026030722,0001628280-26-030722,10-Q,0.82,SEC companyfacts DEI EntityCommonStockSharesOutstanding; join uses latest filed_at <= event_time.
RKLB,2021-11-09,2021-11-15,449204556.0,sec_companyfacts_dei,https://www.sec.gov/Archives/edgar/data/1819994/000119312521330184,0001193125-21-330184,10-Q,0.82,SEC companyfacts DEI EntityCommonStockSharesOutstanding; join uses latest filed_at <= event_time.
RKLB,2022-03-17,2022-03-24,464776507.0,sec_companyfacts_dei,https://www.sec.gov/Archives/edgar/data/1819994/000095017022004458,0000950170-22-004458,10-K,0.82,SEC companyfacts DEI EntityCommonStockSharesOutstanding; join uses latest filed_at <= event_time.
RKLB,2022-05-11,2022-05-16,463803788.0,sec_companyfacts_dei,https://www.sec.gov/Archives/edgar/data/1819994/000095017022010114,0000950170-22-010114,10-Q,0.82,SEC companyfacts DEI EntityCommonStockSharesOutstanding; join uses latest filed_at <= event_time.
RKLB,2022-08-08,2022-08-11,469025580.0,sec_companyfacts_dei,https://www.sec.gov/Archives/edgar/data/1819994/000095017022016921,0000950170-22-016921,10-Q,0.82,SEC companyfacts DEI EntityCommonStockSharesOutstanding; join uses latest filed_at <= event_time.
RKLB,2022-11-04,2022-11-09,473257191.0,sec_companyfacts_dei,https://www.sec.gov/Archives/edgar/data/1819994/000095017022023923,0000950170-22-023923,10-Q,0.82,SEC companyfacts DEI EntityCommonStockSharesOutstanding; join uses latest filed_at <= event_time.
RKLB,2023-03-03,2023-03-07,477649258.0,sec_companyfacts_dei,https://www.sec.gov/Archives/edgar/data/1819994/000095017023006499,0000950170-23-006499,10-K,0.82,SEC companyfacts DEI EntityCommonStockSharesOutstanding; join uses latest filed_at <= event_time.
RKLB,2023-05-04,2023-05-09,478661458.0,sec_companyfacts_dei,https://www.sec.gov/Archives/edgar/data/1819994/000095017023019756,0000950170-23-019756,10-Q,0.82,SEC companyfacts DEI EntityCommonStockSharesOutstanding; join uses latest filed_at <= event_time.
RKLB,2023-08-03,2023-08-08,483326614.0,sec_companyfacts_dei,https://www.sec.gov/Archives/edgar/data/1819994/000095017023039896,0000950170-23-039896,10-Q,0.82,SEC companyfacts DEI EntityCommonStockSharesOutstanding; join uses latest filed_at <= event_time.
RKLB,2023-11-03,2023-11-08,485886993.0,sec_companyfacts_dei,https://www.sec.gov/Archives/edgar/data/1819994/000095017023061189,0000950170-23-061189,10-Q,0.82,SEC companyfacts DEI EntityCommonStockSharesOutstanding; join uses latest filed_at <= event_time.
RKLB,2024-02-22,2024-02-28,489140411.0,sec_companyfacts_dei,https://www.sec.gov/Archives/edgar/data/1819994/000095017024022160,0000950170-24-022160,10-K,0.82,SEC companyfacts DEI EntityCommonStockSharesOutstanding; join uses latest filed_at <= event_time.
RKLB,2024-05-02,2024-05-06,492779716.0,sec_companyfacts_dei,https://www.sec.gov/Archives/edgar/data/1819994/000095017024053646,0000950170-24-053646,10-Q,0.82,SEC companyfacts DEI EntityCommonStockSharesOutstanding; join uses latest filed_at <= event_time.
RKLB,2024-08-05,2024-08-08,496640145.0,sec_companyfacts_dei,https://www.sec.gov/Archives/edgar/data/1819994/000095017024094122,0000950170-24-094122,10-Q,0.82,SEC companyfacts DEI EntityCommonStockSharesOutstanding; join uses latest filed_at <= event_time.
RKLB,2024-11-07,2024-11-12,499911078.0,sec_companyfacts_dei,https://www.sec.gov/Archives/edgar/data/1819994/000095017024125529,0000950170-24-125529,10-Q,0.82,SEC companyfacts DEI EntityCommonStockSharesOutstanding; join uses latest filed_at <= event_time.
RKLB,2025-02-21,2025-02-27,453545095.0,sec_companyfacts_dei,https://www.sec.gov/Archives/edgar/data/1819994/000162828025008724,0001628280-25-008724,10-K,0.82,SEC companyfacts DEI EntityCommonStockSharesOutstanding; join uses latest filed_at <= event_time.
RKLB,2025-04-25,2025-04-30,461432393.0,sec_companyfacts_dei,https://www.sec.gov/Archives/edgar/data/1819994/000162828025021054,0001628280-25-021054,10-K/A,0.82,SEC companyfacts DEI EntityCommonStockSharesOutstanding; join uses latest filed_at <= event_time.
RKLB,2025-05-05,2025-05-08,461432393.0,sec_companyfacts_dei,https://www.sec.gov/Archives/edgar/data/1819994/000162828025023857,0001628280-25-023857,10-Q,0.82,SEC companyfacts DEI EntityCommonStockSharesOutstanding; join uses latest filed_at <= event_time.
RKLB,2025-08-04,2025-08-07,479355713.0,sec_companyfacts_dei,https://www.sec.gov/Archives/edgar/data/1819994/000162828025038936,0001628280-25-038936,10-Q,0.82,SEC companyfacts DEI EntityCommonStockSharesOutstanding; join uses latest filed_at <= event_time.
RKLB,2025-11-05,2025-11-10,534156333.0,sec_companyfacts_dei,https://www.sec.gov/Archives/edgar/data/1819994/000181999425000021,0001819994-25-000021,10-Q,0.82,SEC companyfacts DEI EntityCommonStockSharesOutstanding; join uses latest filed_at <= event_time.
RKLB,2026-02-20,2026-02-26,567445449.0,sec_companyfacts_dei,https://www.sec.gov/Archives/edgar/data/1819994/000181999426000013,0001819994-26-000013,10-K,0.82,SEC companyfacts DEI EntityCommonStockSharesOutstanding; join uses latest filed_at <= event_time.
RKLB,2026-04-30,2026-05-07,578750990.0,sec_companyfacts_dei,https://www.sec.gov/Archives/edgar/data/1819994/000181999426000028,0001819994-26-000028,10-Q,0.82,SEC companyfacts DEI EntityCommonStockSharesOutstanding; join uses latest filed_at <= event_time.
SOFI,2021-07-27,2021-08-16,794692813.0,sec_companyfacts_dei,https://www.sec.gov/Archives/edgar/data/1818874/000181887421000037,0001818874-21-000037,10-Q,0.82,SEC companyfacts DEI EntityCommonStockSharesOutstanding; join uses latest filed_at <= event_time.
SOFI,2021-11-04,2021-11-15,806916607.0,sec_companyfacts_dei,https://www.sec.gov/Archives/edgar/data/1818874/000181887421000081,0001818874-21-000081,10-Q,0.82,SEC companyfacts DEI EntityCommonStockSharesOutstanding; join uses latest filed_at <= event_time.
SOFI,2022-02-15,2022-03-01,828591590.0,sec_companyfacts_dei,https://www.sec.gov/Archives/edgar/data/1818874/000181887422000031,0001818874-22-000031,10-K,0.82,SEC companyfacts DEI EntityCommonStockSharesOutstanding; join uses latest filed_at <= event_time.
SOFI,2022-04-18,2022-05-02,915706023.0,sec_companyfacts_dei,https://www.sec.gov/Archives/edgar/data/1818874/000181887422000058,0001818874-22-000058,10-K/A,0.82,SEC companyfacts DEI EntityCommonStockSharesOutstanding; join uses latest filed_at <= event_time.
SOFI,2022-05-04,2022-05-10,915824337.0,sec_companyfacts_dei,https://www.sec.gov/Archives/edgar/data/1818874/000181887422000071,0001818874-22-000071,10-Q,0.82,SEC companyfacts DEI EntityCommonStockSharesOutstanding; join uses latest filed_at <= event_time.
SOFI,2022-07-29,2022-08-09,922377054.0,sec_companyfacts_dei,https://www.sec.gov/Archives/edgar/data/1818874/000181887422000185,0001818874-22-000185,10-Q,0.82,SEC companyfacts DEI EntityCommonStockSharesOutstanding; join uses latest filed_at <= event_time.
SOFI,2022-10-31,2022-11-09,927938294.0,sec_companyfacts_dei,https://www.sec.gov/Archives/edgar/data/1818874/000181887422000241,0001818874-22-000241,10-Q,0.82,SEC companyfacts DEI EntityCommonStockSharesOutstanding; join uses latest filed_at <= event_time.
SOFI,2023-02-15,2023-03-01,934551932.0,sec_companyfacts_dei,https://www.sec.gov/Archives/edgar/data/1818874/000181887423000018,0001818874-23-000018,10-K,0.82,SEC companyfacts DEI EntityCommonStockSharesOutstanding; join uses latest filed_at <= event_time.
SOFI,2023-04-28,2023-05-10,940895594.0,sec_companyfacts_dei,https://www.sec.gov/Archives/edgar/data/1818874/000181887423000095,0001818874-23-000095,10-Q,0.82,SEC companyfacts DEI EntityCommonStockSharesOutstanding; join uses latest filed_at <= event_time.
SOFI,2023-07-31,2023-08-08,950114369.0,sec_companyfacts_dei,https://www.sec.gov/Archives/edgar/data/1818874/000181887423000144,0001818874-23-000144,10-Q,0.82,SEC companyfacts DEI EntityCommonStockSharesOutstanding; join uses latest filed_at <= event_time.
SOFI,2023-10-31,2023-11-08,958742717.0,sec_companyfacts_dei,https://www.sec.gov/Archives/edgar/data/1818874/000181887423000173,0001818874-23-000173,10-Q,0.82,SEC companyfacts DEI EntityCommonStockSharesOutstanding; join uses latest filed_at <= event_time.
SOFI,2024-02-15,2024-02-27,976736877.0,sec_companyfacts_dei,https://www.sec.gov/Archives/edgar/data/1818874/000181887424000026,0001818874-24-000026,10-K,0.82,SEC companyfacts DEI EntityCommonStockSharesOutstanding; join uses latest filed_at <= event_time.
SOFI,2024-04-30,2024-05-07,1057223164.0,sec_companyfacts_dei,https://www.sec.gov/Archives/edgar/data/1818874/000181887424000121,0001818874-24-000121,10-Q,0.82,SEC companyfacts DEI EntityCommonStockSharesOutstanding; join uses latest filed_at <= event_time.
SOFI,2024-07-31,2024-08-06,1065944831.0,sec_companyfacts_dei,https://www.sec.gov/Archives/edgar/data/1818874/000181887424000175,0001818874-24-000175,10-Q,0.82,SEC companyfacts DEI EntityCommonStockSharesOutstanding; join uses latest filed_at <= event_time.
SOFI,2024-10-31,2024-11-07,1085146875.0,sec_companyfacts_dei,https://www.sec.gov/Archives/edgar/data/1818874/000181887424000233,0001818874-24-000233,10-Q,0.82,SEC companyfacts DEI EntityCommonStockSharesOutstanding; join uses latest filed_at <= event_time.
SOFI,2025-01-31,2025-02-24,1096540215.0,sec_companyfacts_dei,https://www.sec.gov/Archives/edgar/data/1818874/000181887425000016,0001818874-25-000016,10-K,0.82,SEC companyfacts DEI EntityCommonStockSharesOutstanding; join uses latest filed_at <= event_time.
SOFI,2025-04-30,2025-05-06,1105363096.0,sec_companyfacts_dei,https://www.sec.gov/Archives/edgar/data/1818874/000181887425000072,0001818874-25-000072,10-Q,0.82,SEC companyfacts DEI EntityCommonStockSharesOutstanding; join uses latest filed_at <= event_time.
SOFI,2025-07-31,2025-08-07,1197450100.0,sec_companyfacts_dei,https://www.sec.gov/Archives/edgar/data/1818874/000181887425000180,0001818874-25-000180,10-Q,0.82,SEC companyfacts DEI EntityCommonStockSharesOutstanding; join uses latest filed_at <= event_time.
SOFI,2025-10-31,2025-11-06,1205903044.0,sec_companyfacts_dei,https://www.sec.gov/Archives/edgar/data/1818874/000181887425000210,0001818874-25-000210,10-Q,0.82,SEC companyfacts DEI EntityCommonStockSharesOutstanding; join uses latest filed_at <= event_time.
SOFI,2026-01-30,2026-02-17,1275263850.0,sec_companyfacts_dei,https://www.sec.gov/Archives/edgar/data/1818874/000181887426000013,0001818874-26-000013,10-K,0.82,SEC companyfacts DEI EntityCommonStockSharesOutstanding; join uses latest filed_at <= event_time.
SOFI,2026-04-30,2026-05-07,1282741200.0,sec_companyfacts_dei,https://www.sec.gov/Archives/edgar/data/1818874/000181887426000037,0001818874-26-000037,10-Q,0.82,SEC companyfacts DEI EntityCommonStockSharesOutstanding; join uses latest filed_at <= event_time.
SOUN,2021-07-20,2021-07-27,17461000.0,sec_companyfacts_dei,https://www.sec.gov/Archives/edgar/data/1840856/000121390021038740,0001213900-21-038740,10-Q,0.82,SEC companyfacts DEI EntityCommonStockSharesOutstanding; join uses latest filed_at <= event_time.
SOUN,2021-08-27,2021-08-27,17461000.0,sec_companyfacts_dei,https://www.sec.gov/Archives/edgar/data/1840856/000121390021045421,0001213900-21-045421,10-Q,0.82,SEC companyfacts DEI EntityCommonStockSharesOutstanding; join uses latest filed_at <= event_time.
SOUN,2021-11-15,2021-11-15,17461000.0,sec_companyfacts_dei,https://www.sec.gov/Archives/edgar/data/1840856/000121390021059488,0001213900-21-059488,10-Q,0.82,SEC companyfacts DEI EntityCommonStockSharesOutstanding; join uses latest filed_at <= event_time.
SOUN,2022-01-10,2022-01-10,17461000.0,sec_companyfacts_dei,https://www.sec.gov/Archives/edgar/data/1840856/000121390022001224,0001213900-22-001224,10-Q/A,0.82,SEC companyfacts DEI EntityCommonStockSharesOutstanding; join uses latest filed_at <= event_time.
SOUN,2022-03-09,2022-03-09,17461000.0,sec_companyfacts_dei,https://www.sec.gov/Archives/edgar/data/1840856/000121390022011342,0001213900-22-011342,10-K,0.82,SEC companyfacts DEI EntityCommonStockSharesOutstanding; join uses latest filed_at <= event_time.
SPCE,2019-11-30,2019-11-12,82478822.0,sec_companyfacts_dei,https://www.sec.gov/Archives/edgar/data/1706946/000110465919062718,0001104659-19-062718,10-Q,0.82,SEC companyfacts DEI EntityCommonStockSharesOutstanding; join uses latest filed_at <= event_time.
SPCE,2020-02-26,2020-02-28,195769015.0,sec_companyfacts_dei,https://www.sec.gov/Archives/edgar/data/1706946/000162828020002471,0001628280-20-002471,10-K,0.82,SEC companyfacts DEI EntityCommonStockSharesOutstanding; join uses latest filed_at <= event_time.
SPCE,2020-05-05,2020-05-06,210403856.0,sec_companyfacts_dei,https://www.sec.gov/Archives/edgar/data/1706946/000170694620000011,0001706946-20-000011,10-Q,0.82,SEC companyfacts DEI EntityCommonStockSharesOutstanding; join uses latest filed_at <= event_time.
SPCE,2020-08-03,2020-08-03,210403856.0,sec_companyfacts_dei,https://www.sec.gov/Archives/edgar/data/1706946/000162828020011461,0001628280-20-011461,10-Q,0.82,SEC companyfacts DEI EntityCommonStockSharesOutstanding; join uses latest filed_at <= event_time.
SPCE,2020-11-05,2020-11-06,234342464.0,sec_companyfacts_dei,https://www.sec.gov/Archives/edgar/data/1706946/000170694620000046,0001706946-20-000046,10-Q,0.82,SEC companyfacts DEI EntityCommonStockSharesOutstanding; join uses latest filed_at <= event_time.
SPCE,2021-02-22,2021-03-01,236944263.0,sec_companyfacts_dei,https://www.sec.gov/Archives/edgar/data/1706946/000170694621000022,0001706946-21-000022,10-K,0.82,SEC companyfacts DEI EntityCommonStockSharesOutstanding; join uses latest filed_at <= event_time.
SPCE,2021-02-22,2021-03-11,236944263.0,sec_companyfacts_dei,https://www.sec.gov/Archives/edgar/data/1706946/000170694621000032,0001706946-21-000032,10-K/A,0.82,SEC companyfacts DEI EntityCommonStockSharesOutstanding; join uses latest filed_at <= event_time.
SPCE,2021-02-22,2021-05-10,236944263.0,sec_companyfacts_dei,https://www.sec.gov/Archives/edgar/data/1706946/000170694621000056,0001706946-21-000056,10-K/A,0.82,SEC companyfacts DEI EntityCommonStockSharesOutstanding; join uses latest filed_at <= event_time.
SPCE,2021-05-05,2021-05-11,240712527.0,sec_companyfacts_dei,https://www.sec.gov/Archives/edgar/data/1706946/000170694621000061,0001706946-21-000061,10-Q,0.82,SEC companyfacts DEI EntityCommonStockSharesOutstanding; join uses latest filed_at <= event_time.
SPCE,2021-07-30,2021-08-05,257260827.0,sec_companyfacts_dei,https://www.sec.gov/Archives/edgar/data/1706946/000170694621000101,0001706946-21-000101,10-Q,0.82,SEC companyfacts DEI EntityCommonStockSharesOutstanding; join uses latest filed_at <= event_time.
SPCE,2021-11-01,2021-11-08,258011211.0,sec_companyfacts_dei,https://www.sec.gov/Archives/edgar/data/1706946/000170694621000138,0001706946-21-000138,10-Q,0.82,SEC companyfacts DEI EntityCommonStockSharesOutstanding; join uses latest filed_at <= event_time.
SPCE,2022-02-18,2022-02-28,258289453.0,sec_companyfacts_dei,https://www.sec.gov/Archives/edgar/data/1706946/000170694622000035,0001706946-22-000035,10-K,0.82,SEC companyfacts DEI EntityCommonStockSharesOutstanding; join uses latest filed_at <= event_time.
SPCE,2022-05-02,2022-05-05,258589981.0,sec_companyfacts_dei,https://www.sec.gov/Archives/edgar/data/1706946/000170694622000068,0001706946-22-000068,10-Q,0.82,SEC companyfacts DEI EntityCommonStockSharesOutstanding; join uses latest filed_at <= event_time.
SPCE,2022-07-30,2022-08-04,258715178.0,sec_companyfacts_dei,https://www.sec.gov/Archives/edgar/data/1706946/000170694622000124,0001706946-22-000124,10-Q,0.82,SEC companyfacts DEI EntityCommonStockSharesOutstanding; join uses latest filed_at <= event_time.
SPCE,2022-10-31,2022-11-03,274559169.0,sec_companyfacts_dei,https://www.sec.gov/Archives/edgar/data/1706946/000170694622000148,0001706946-22-000148,10-Q,0.82,SEC companyfacts DEI EntityCommonStockSharesOutstanding; join uses latest filed_at <= event_time.
SPCE,2023-02-15,2023-02-28,280260286.0,sec_companyfacts_dei,https://www.sec.gov/Archives/edgar/data/1706946/000170694623000016,0001706946-23-000016,10-K,0.82,SEC companyfacts DEI EntityCommonStockSharesOutstanding; join uses latest filed_at <= event_time.
SPCE,2023-05-03,2023-05-09,282586299.0,sec_companyfacts_dei,https://www.sec.gov/Archives/edgar/data/1706946/000170694623000032,0001706946-23-000032,10-Q,0.82,SEC companyfacts DEI EntityCommonStockSharesOutstanding; join uses latest filed_at <= event_time.
SPCE,2023-07-25,2023-08-01,367136598.0,sec_companyfacts_dei,https://www.sec.gov/Archives/edgar/data/1706946/000170694623000098,0001706946-23-000098,10-Q,0.82,SEC companyfacts DEI EntityCommonStockSharesOutstanding; join uses latest filed_at <= event_time.
SPCE,2023-10-31,2023-11-09,399715289.0,sec_companyfacts_dei,https://www.sec.gov/Archives/edgar/data/1706946/000170694623000136,0001706946-23-000136,10-Q,0.82,SEC companyfacts DEI EntityCommonStockSharesOutstanding; join uses latest filed_at <= event_time.
SPCE,2024-02-13,2024-02-27,400040013.0,sec_companyfacts_dei,https://www.sec.gov/Archives/edgar/data/1706946/000170694624000039,0001706946-24-000039,10-K,0.82,SEC companyfacts DEI EntityCommonStockSharesOutstanding; join uses latest filed_at <= event_time.
SPCE,2024-04-30,2024-05-07,411361910.0,sec_companyfacts_dei,https://www.sec.gov/Archives/edgar/data/1706946/000170694624000105,0001706946-24-000105,10-Q,0.82,SEC companyfacts DEI EntityCommonStockSharesOutstanding; join uses latest filed_at <= event_time.
SPCE,2024-07-31,2024-08-07,28483577.0,sec_companyfacts_dei,https://www.sec.gov/Archives/edgar/data/1706946/000170694624000176,0001706946-24-000176,10-Q,0.82,SEC companyfacts DEI EntityCommonStockSharesOutstanding; join uses latest filed_at <= event_time.
SPCE,2024-10-31,2024-11-06,28875495.0,sec_companyfacts_dei,https://www.sec.gov/Archives/edgar/data/1706946/000170694624000238,0001706946-24-000238,10-Q,0.82,SEC companyfacts DEI EntityCommonStockSharesOutstanding; join uses latest filed_at <= event_time.
SPCE,2025-02-14,2025-02-26,35528350.0,sec_companyfacts_dei,https://www.sec.gov/Archives/edgar/data/1706946/000170694625000038,0001706946-25-000038,10-K,0.82,SEC companyfacts DEI EntityCommonStockSharesOutstanding; join uses latest filed_at <= event_time.
SPCE,2025-05-08,2025-05-15,41574845.0,sec_companyfacts_dei,https://www.sec.gov/Archives/edgar/data/1706946/000170694625000079,0001706946-25-000079,10-Q,0.82,SEC companyfacts DEI EntityCommonStockSharesOutstanding; join uses latest filed_at <= event_time.
SPCE,2025-07-30,2025-08-06,57590965.0,sec_companyfacts_dei,https://www.sec.gov/Archives/edgar/data/1706946/000170694625000131,0001706946-25-000131,10-Q,0.82,SEC companyfacts DEI EntityCommonStockSharesOutstanding; join uses latest filed_at <= event_time.
SPCE,2025-11-06,2025-11-13,63200245.0,sec_companyfacts_dei,https://www.sec.gov/Archives/edgar/data/1706946/000170694625000150,0001706946-25-000150,10-Q,0.82,SEC companyfacts DEI EntityCommonStockSharesOutstanding; join uses latest filed_at <= event_time.
SPCE,2026-03-23,2026-03-30,81408715.0,sec_companyfacts_dei,https://www.sec.gov/Archives/edgar/data/1706946/000170694626000019,0001706946-26-000019,10-K,0.82,SEC companyfacts DEI EntityCommonStockSharesOutstanding; join uses latest filed_at <= event_time.
SPCE,2026-05-07,2026-05-14,100683438.0,sec_companyfacts_dei,https://www.sec.gov/Archives/edgar/data/1706946/000170694626000068,0001706946-26-000068,10-Q,0.82,SEC companyfacts DEI EntityCommonStockSharesOutstanding; join uses latest filed_at <= event_time.
SPWR,2023-11-09,2023-11-14,43176577.0,sec_companyfacts_dei,https://www.sec.gov/Archives/edgar/data/1838987/000121390023087084,0001213900-23-087084,10-Q,0.82,SEC companyfacts DEI EntityCommonStockSharesOutstanding; join uses latest filed_at <= event_time.
SPWR,2024-03-26,2024-04-01,49096535.0,sec_companyfacts_dei,https://www.sec.gov/Archives/edgar/data/1838987/000121390024028747,0001213900-24-028747,10-K,0.82,SEC companyfacts DEI EntityCommonStockSharesOutstanding; join uses latest filed_at <= event_time.
SPWR,2024-05-13,2024-05-15,49096537.0,sec_companyfacts_dei,https://www.sec.gov/Archives/edgar/data/1838987/000121390024043520,0001213900-24-043520,10-Q,0.82,SEC companyfacts DEI EntityCommonStockSharesOutstanding; join uses latest filed_at <= event_time.
SPWR,2024-05-13,2024-05-15,49096537.0,sec_companyfacts_dei,https://www.sec.gov/Archives/edgar/data/1838987/000121390024043833,0001213900-24-043833,10-Q/A,0.82,SEC companyfacts DEI EntityCommonStockSharesOutstanding; join uses latest filed_at <= event_time.
SPWR,2024-08-13,2024-08-14,63613798.0,sec_companyfacts_dei,https://www.sec.gov/Archives/edgar/data/1838987/000121390024068973,0001213900-24-068973,10-Q,0.82,SEC companyfacts DEI EntityCommonStockSharesOutstanding; join uses latest filed_at <= event_time.
SPWR,2024-11-15,2024-11-18,73767268.0,sec_companyfacts_dei,https://www.sec.gov/Archives/edgar/data/1838987/000121390024099667,0001213900-24-099667,10-Q,0.82,SEC companyfacts DEI EntityCommonStockSharesOutstanding; join uses latest filed_at <= event_time.
SPWR,2025-04-28,2025-04-30,80165123.0,sec_companyfacts_dei,https://www.sec.gov/Archives/edgar/data/1838987/000121390025037748,0001213900-25-037748,10-K,0.82,SEC companyfacts DEI EntityCommonStockSharesOutstanding; join uses latest filed_at <= event_time.
SPWR,2025-05-16,2025-05-19,80272256.0,sec_companyfacts_dei,https://www.sec.gov/Archives/edgar/data/1838987/000121390025045417,0001213900-25-045417,10-Q,0.82,SEC companyfacts DEI EntityCommonStockSharesOutstanding; join uses latest filed_at <= event_time.
SPWR,2025-08-11,2025-08-13,83108708.0,sec_companyfacts_dei,https://www.sec.gov/Archives/edgar/data/1838987/000121390025075811,0001213900-25-075811,10-Q,0.82,SEC companyfacts DEI EntityCommonStockSharesOutstanding; join uses latest filed_at <= event_time.
SPWR,2025-12-18,2025-12-19,107621272.0,sec_companyfacts_dei,https://www.sec.gov/Archives/edgar/data/1838987/000121390025123769,0001213900-25-123769,10-Q,0.82,SEC companyfacts DEI EntityCommonStockSharesOutstanding; join uses latest filed_at <= event_time.
SPWR,2026-04-13,2026-04-14,126652769.0,sec_companyfacts_dei,https://www.sec.gov/Archives/edgar/data/1838987/000121390026043623,0001213900-26-043623,10-K,0.82,SEC companyfacts DEI EntityCommonStockSharesOutstanding; join uses latest filed_at <= event_time.
SPWR,2025-05-16,2026-05-18,80272256.0,sec_companyfacts_dei,https://www.sec.gov/Archives/edgar/data/1838987/000121390026058557,0001213900-26-058557,10-Q/A,0.82,SEC companyfacts DEI EntityCommonStockSharesOutstanding; join uses latest filed_at <= event_time.
SPWR,2025-08-11,2026-05-19,83108708.0,sec_companyfacts_dei,https://www.sec.gov/Archives/edgar/data/1838987/000121390026059142,0001213900-26-059142,10-Q/A,0.82,SEC companyfacts DEI EntityCommonStockSharesOutstanding; join uses latest filed_at <= event_time.
SPWR,2025-12-18,2026-05-19,107621272.0,sec_companyfacts_dei,https://www.sec.gov/Archives/edgar/data/1838987/000121390026059148,0001213900-26-059148,10-Q/A,0.82,SEC companyfacts DEI EntityCommonStockSharesOutstanding; join uses latest filed_at <= event_time.
SPWR,2026-05-14,2026-05-19,146296979.0,sec_companyfacts_dei,https://www.sec.gov/Archives/edgar/data/1838987/000121390026059082,0001213900-26-059082,10-Q,0.82,SEC companyfacts DEI EntityCommonStockSharesOutstanding; join uses latest filed_at <= event_time.
STEM,2021-05-14,2021-05-17,125754510.0,sec_companyfacts_dei,https://www.sec.gov/Archives/edgar/data/1758766/000110465921067339,0001104659-21-067339,10-Q,0.82,SEC companyfacts DEI EntityCommonStockSharesOutstanding; join uses latest filed_at <= event_time.
STEM,2021-08-10,2021-08-11,131008933.0,sec_companyfacts_dei,https://www.sec.gov/Archives/edgar/data/1758766/000175876621000145,0001758766-21-000145,10-Q,0.82,SEC companyfacts DEI EntityCommonStockSharesOutstanding; join uses latest filed_at <= event_time.
STEM,2021-11-08,2021-11-10,144489164.0,sec_companyfacts_dei,https://www.sec.gov/Archives/edgar/data/1758766/000175876621000184,0001758766-21-000184,10-Q,0.82,SEC companyfacts DEI EntityCommonStockSharesOutstanding; join uses latest filed_at <= event_time.
STEM,2022-02-17,2022-02-28,153443756.0,sec_companyfacts_dei,https://www.sec.gov/Archives/edgar/data/1758766/000175876622000032,0001758766-22-000032,10-K,0.82,SEC companyfacts DEI EntityCommonStockSharesOutstanding; join uses latest filed_at <= event_time.
STEM,2022-04-25,2022-05-06,154057258.0,sec_companyfacts_dei,https://www.sec.gov/Archives/edgar/data/1758766/000175876622000093,0001758766-22-000093,10-Q,0.82,SEC companyfacts DEI EntityCommonStockSharesOutstanding; join uses latest filed_at <= event_time.
STEM,2022-07-25,2022-08-05,154227627.0,sec_companyfacts_dei,https://www.sec.gov/Archives/edgar/data/1758766/000175876622000129,0001758766-22-000129,10-Q,0.82,SEC companyfacts DEI EntityCommonStockSharesOutstanding; join uses latest filed_at <= event_time.
STEM,2022-10-25,2022-11-04,154488799.0,sec_companyfacts_dei,https://www.sec.gov/Archives/edgar/data/1758766/000175876622000185,0001758766-22-000185,10-Q,0.82,SEC companyfacts DEI EntityCommonStockSharesOutstanding; join uses latest filed_at <= event_time.
STEM,2023-02-09,2023-02-17,154574741.0,sec_companyfacts_dei,https://www.sec.gov/Archives/edgar/data/1758766/000175876623000009,0001758766-23-000009,10-K,0.82,SEC companyfacts DEI EntityCommonStockSharesOutstanding; join uses latest filed_at <= event_time.
STEM,2023-04-25,2023-05-05,155528457.0,sec_companyfacts_dei,https://www.sec.gov/Archives/edgar/data/1758766/000175876623000078,0001758766-23-000078,10-Q,0.82,SEC companyfacts DEI EntityCommonStockSharesOutstanding; join uses latest filed_at <= event_time.
STEM,2023-07-25,2023-08-04,155802411.0,sec_companyfacts_dei,https://www.sec.gov/Archives/edgar/data/1758766/000175876623000114,0001758766-23-000114,10-Q,0.82,SEC companyfacts DEI EntityCommonStockSharesOutstanding; join uses latest filed_at <= event_time.
STEM,2023-10-25,2023-11-03,155895641.0,sec_companyfacts_dei,https://www.sec.gov/Archives/edgar/data/1758766/000175876623000129,0001758766-23-000129,10-Q,0.82,SEC companyfacts DEI EntityCommonStockSharesOutstanding; join uses latest filed_at <= event_time.
STEM,2024-02-21,2024-02-29,157773620.0,sec_companyfacts_dei,https://www.sec.gov/Archives/edgar/data/1758766/000175876624000029,0001758766-24-000029,10-K,0.82,SEC companyfacts DEI EntityCommonStockSharesOutstanding; join uses latest filed_at <= event_time.
STEM,2024-04-25,2024-05-03,161651144.0,sec_companyfacts_dei,https://www.sec.gov/Archives/edgar/data/1758766/000175876624000091,0001758766-24-000091,10-Q,0.82,SEC companyfacts DEI EntityCommonStockSharesOutstanding; join uses latest filed_at <= event_time.
STEM,2024-07-30,2024-08-07,162626235.0,sec_companyfacts_dei,https://www.sec.gov/Archives/edgar/data/1758766/000175876624000149,0001758766-24-000149,10-Q,0.82,SEC companyfacts DEI EntityCommonStockSharesOutstanding; join uses latest filed_at <= event_time.
STEM,2024-10-23,2024-10-31,162754034.0,sec_companyfacts_dei,https://www.sec.gov/Archives/edgar/data/1758766/000175876624000176,0001758766-24-000176,10-Q,0.82,SEC companyfacts DEI EntityCommonStockSharesOutstanding; join uses latest filed_at <= event_time.
STEM,2025-02-25,2025-03-05,164149723.0,sec_companyfacts_dei,https://www.sec.gov/Archives/edgar/data/1758766/000175876625000005,0001758766-25-000005,10-K,0.82,SEC companyfacts DEI EntityCommonStockSharesOutstanding; join uses latest filed_at <= event_time.
STEM,2025-04-22,2025-04-30,166358775.0,sec_companyfacts_dei,https://www.sec.gov/Archives/edgar/data/1758766/000175876625000012,0001758766-25-000012,10-Q,0.82,SEC companyfacts DEI EntityCommonStockSharesOutstanding; join uses latest filed_at <= event_time.
STEM,2025-07-31,2025-08-08,8359047.0,sec_companyfacts_dei,https://www.sec.gov/Archives/edgar/data/1758766/000175876625000027,0001758766-25-000027,10-Q,0.82,SEC companyfacts DEI EntityCommonStockSharesOutstanding; join uses latest filed_at <= event_time.
STEM,2025-10-22,2025-10-30,8390208.0,sec_companyfacts_dei,https://www.sec.gov/Archives/edgar/data/1758766/000175876625000066,0001758766-25-000066,10-Q,0.82,SEC companyfacts DEI EntityCommonStockSharesOutstanding; join uses latest filed_at <= event_time.
STEM,2026-02-25,2026-03-05,8518974.0,sec_companyfacts_dei,https://www.sec.gov/Archives/edgar/data/1758766/000175876626000016,0001758766-26-000016,10-K,0.82,SEC companyfacts DEI EntityCommonStockSharesOutstanding; join uses latest filed_at <= event_time.
STEM,2026-04-29,2026-05-07,8956953.0,sec_companyfacts_dei,https://www.sec.gov/Archives/edgar/data/1758766/000175876626000045,0001758766-26-000045,10-Q,0.82,SEC companyfacts DEI EntityCommonStockSharesOutstanding; join uses latest filed_at <= event_time.
TWST,2019-02-01,2019-02-11,28017924.0,sec_companyfacts_dei,https://www.sec.gov/Archives/edgar/data/1581280/000119312519034010,0001193125-19-034010,10-Q,0.82,SEC companyfacts DEI EntityCommonStockSharesOutstanding; join uses latest filed_at <= event_time.
TWST,2019-04-29,2019-05-02,28039937.0,sec_companyfacts_dei,https://www.sec.gov/Archives/edgar/data/1581280/000119312519133596,0001193125-19-133596,10-Q,0.82,SEC companyfacts DEI EntityCommonStockSharesOutstanding; join uses latest filed_at <= event_time.
TWST,2019-08-07,2019-08-09,32558888.0,sec_companyfacts_dei,https://www.sec.gov/Archives/edgar/data/1581280/000119312519218039,0001193125-19-218039,10-Q,0.82,SEC companyfacts DEI EntityCommonStockSharesOutstanding; join uses latest filed_at <= event_time.
TWST,2019-12-09,2019-12-13,33118096.0,sec_companyfacts_dei,https://www.sec.gov/Archives/edgar/data/1581280/000119312519313115,0001193125-19-313115,10-K,0.82,SEC companyfacts DEI EntityCommonStockSharesOutstanding; join uses latest filed_at <= event_time.
TWST,2020-02-06,2020-02-10,35446291.0,sec_companyfacts_dei,https://www.sec.gov/Archives/edgar/data/1581280/000119312520029990,0001193125-20-029990,10-Q,0.82,SEC companyfacts DEI EntityCommonStockSharesOutstanding; join uses latest filed_at <= event_time.
TWST,2020-05-08,2020-05-13,40978695.0,sec_companyfacts_dei,https://www.sec.gov/Archives/edgar/data/1581280/000119312520140790,0001193125-20-140790,10-Q,0.82,SEC companyfacts DEI EntityCommonStockSharesOutstanding; join uses latest filed_at <= event_time.
TWST,2020-08-10,2020-08-12,44662970.0,sec_companyfacts_dei,https://www.sec.gov/Archives/edgar/data/1581280/000119312520217763,0001193125-20-217763,10-Q,0.82,SEC companyfacts DEI EntityCommonStockSharesOutstanding; join uses latest filed_at <= event_time.
TWST,2020-11-23,2020-11-27,45152511.0,sec_companyfacts_dei,https://www.sec.gov/Archives/edgar/data/1581280/000119312520303904,0001193125-20-303904,10-K,0.82,SEC companyfacts DEI EntityCommonStockSharesOutstanding; join uses latest filed_at <= event_time.
TWST,2021-02-04,2021-02-09,48646513.0,sec_companyfacts_dei,https://www.sec.gov/Archives/edgar/data/1581280/000119312521032669,0001193125-21-032669,10-Q,0.82,SEC companyfacts DEI EntityCommonStockSharesOutstanding; join uses latest filed_at <= event_time.
TWST,2021-05-05,2021-05-07,48894038.0,sec_companyfacts_dei,https://www.sec.gov/Archives/edgar/data/1581280/000110465921063169,0001104659-21-063169,10-Q,0.82,SEC companyfacts DEI EntityCommonStockSharesOutstanding; join uses latest filed_at <= event_time.
TWST,2021-08-05,2021-08-09,49292036.0,sec_companyfacts_dei,https://www.sec.gov/Archives/edgar/data/1581280/000110465921102129,0001104659-21-102129,10-Q,0.82,SEC companyfacts DEI EntityCommonStockSharesOutstanding; join uses latest filed_at <= event_time.
TWST,2021-11-18,2021-11-23,49632483.0,sec_companyfacts_dei,https://www.sec.gov/Archives/edgar/data/1581280/000110465921142700,0001104659-21-142700,10-K,0.82,SEC companyfacts DEI EntityCommonStockSharesOutstanding; join uses latest filed_at <= event_time.
TWST,2022-02-07,2022-02-09,50885068.0,sec_companyfacts_dei,https://www.sec.gov/Archives/edgar/data/1581280/000110465922017090,0001104659-22-017090,10-Q,0.82,SEC companyfacts DEI EntityCommonStockSharesOutstanding; join uses latest filed_at <= event_time.
TWST,2022-05-04,2022-05-06,56264039.0,sec_companyfacts_dei,https://www.sec.gov/Archives/edgar/data/1581280/000162828022013045,0001628280-22-013045,10-Q,0.82,SEC companyfacts DEI EntityCommonStockSharesOutstanding; join uses latest filed_at <= event_time.
TWST,2022-08-04,2022-08-08,56363518.0,sec_companyfacts_dei,https://www.sec.gov/Archives/edgar/data/1581280/000162828022021593,0001628280-22-021593,10-Q,0.82,SEC companyfacts DEI EntityCommonStockSharesOutstanding; join uses latest filed_at <= event_time.
TWST,2022-11-18,2022-11-28,56568420.0,sec_companyfacts_dei,https://www.sec.gov/Archives/edgar/data/1581280/000162828022030817,0001628280-22-030817,10-K,0.82,SEC companyfacts DEI EntityCommonStockSharesOutstanding; join uses latest filed_at <= event_time.
TWST,2023-02-02,2023-02-07,56858200.0,sec_companyfacts_dei,https://www.sec.gov/Archives/edgar/data/1581280/000162828023002560,0001628280-23-002560,10-Q,0.82,SEC companyfacts DEI EntityCommonStockSharesOutstanding; join uses latest filed_at <= event_time.
TWST,2023-05-04,2023-05-08,57147071.0,sec_companyfacts_dei,https://www.sec.gov/Archives/edgar/data/1581280/000162828023016426,0001628280-23-016426,10-Q,0.82,SEC companyfacts DEI EntityCommonStockSharesOutstanding; join uses latest filed_at <= event_time.
TWST,2022-11-23,2023-06-05,56568420.0,sec_companyfacts_dei,https://www.sec.gov/Archives/edgar/data/1581280/000162828023020881,0001628280-23-020881,10-K/A,0.82,SEC companyfacts DEI EntityCommonStockSharesOutstanding; join uses latest filed_at <= event_time.
TWST,2023-08-03,2023-08-07,57396131.0,sec_companyfacts_dei,https://www.sec.gov/Archives/edgar/data/1581280/000162828023027803,0001628280-23-027803,10-Q,0.82,SEC companyfacts DEI EntityCommonStockSharesOutstanding; join uses latest filed_at <= event_time.
TWST,2023-11-17,2023-11-21,57673781.0,sec_companyfacts_dei,https://www.sec.gov/Archives/edgar/data/1581280/000162828023039767,0001628280-23-039767,10-K,0.82,SEC companyfacts DEI EntityCommonStockSharesOutstanding; join uses latest filed_at <= event_time.
TWST,2024-01-29,2024-02-02,57818022.0,sec_companyfacts_dei,https://www.sec.gov/Archives/edgar/data/1581280/000162828024003051,0001628280-24-003051,10-Q,0.82,SEC companyfacts DEI EntityCommonStockSharesOutstanding; join uses latest filed_at <= event_time.
TWST,2024-04-29,2024-05-02,58225999.0,sec_companyfacts_dei,https://www.sec.gov/Archives/edgar/data/1581280/000162828024020014,0001628280-24-020014,10-Q,0.82,SEC companyfacts DEI EntityCommonStockSharesOutstanding; join uses latest filed_at <= event_time.
TWST,2024-07-31,2024-08-02,58585960.0,sec_companyfacts_dei,https://www.sec.gov/Archives/edgar/data/1581280/000162828024034434,0001628280-24-034434,10-Q,0.82,SEC companyfacts DEI EntityCommonStockSharesOutstanding; join uses latest filed_at <= event_time.
TWST,2024-11-13,2024-11-18,59356440.0,sec_companyfacts_dei,https://www.sec.gov/Archives/edgar/data/1581280/000162828024048262,0001628280-24-048262,10-K,0.82,SEC companyfacts DEI EntityCommonStockSharesOutstanding; join uses latest filed_at <= event_time.
TWST,2025-01-30,2025-02-03,59651142.0,sec_companyfacts_dei,https://www.sec.gov/Archives/edgar/data/1581280/000162828025003461,0001628280-25-003461,10-Q,0.82,SEC companyfacts DEI EntityCommonStockSharesOutstanding; join uses latest filed_at <= event_time.
TWST,2025-05-01,2025-05-05,59916141.0,sec_companyfacts_dei,https://www.sec.gov/Archives/edgar/data/1581280/000162828025022154,0001628280-25-022154,10-Q,0.82,SEC companyfacts DEI EntityCommonStockSharesOutstanding; join uses latest filed_at <= event_time.
TWST,2025-07-31,2025-08-04,60360925.0,sec_companyfacts_dei,https://www.sec.gov/Archives/edgar/data/1581280/000158128025000009,0001581280-25-000009,10-Q,0.82,SEC companyfacts DEI EntityCommonStockSharesOutstanding; join uses latest filed_at <= event_time.
TWST,2025-11-13,2025-11-17,61148026.0,sec_companyfacts_dei,https://www.sec.gov/Archives/edgar/data/1581280/000158128025000025,0001581280-25-000025,10-K,0.82,SEC companyfacts DEI EntityCommonStockSharesOutstanding; join uses latest filed_at <= event_time.
TWST,2026-01-27,2026-02-02,61311704.0,sec_companyfacts_dei,https://www.sec.gov/Archives/edgar/data/1581280/000158128026000019,0001581280-26-000019,10-Q,0.82,SEC companyfacts DEI EntityCommonStockSharesOutstanding; join uses latest filed_at <= event_time.
TWST,2026-01-27,2026-02-26,61311704.0,sec_companyfacts_dei,https://www.sec.gov/Archives/edgar/data/1581280/000158128026000029,0001581280-26-000029,10-Q/A,0.82,SEC companyfacts DEI EntityCommonStockSharesOutstanding; join uses latest filed_at <= event_time.
TWST,2026-04-29,2026-05-04,62271314.0,sec_companyfacts_dei,https://www.sec.gov/Archives/edgar/data/1581280/000158128026000040,0001581280-26-000040,10-Q,0.82,SEC companyfacts DEI EntityCommonStockSharesOutstanding; join uses latest filed_at <= event_time.
