source_doc_id,event_id,ticker,event_time,fact_name,value,unit,evidence_text,confidence,parse_method,source_type,source_url
usaspending_CONT_AWD_FA945324C0001_9700_NONE_NONE_,government_contract_BKSY_FA945324C0001,BKSY,2024-03-15T12:00:00,actual_funded_award_flag,True,boolean,derived parser flag,0.78,derived_flag,usaspending_api,https://www.usaspending.gov/award/CONT_AWD_FA945324C0001_9700_-NONE-_-NONE-
usaspending_CONT_AWD_FA945324C0001_9700_NONE_NONE_,government_contract_BKSY_FA945324C0001,BKSY,2024-03-15T12:00:00,agency,Department of Defense,text,Department of Defense,0.9,source_metadata,usaspending_api,https://www.usaspending.gov/award/CONT_AWD_FA945324C0001_9700_-NONE-_-NONE-
usaspending_CONT_AWD_FA945324C0001_9700_NONE_NONE_,government_contract_BKSY_FA945324C0001,BKSY,2024-03-15T12:00:00,award_amount,3538098.0,usd,source metadata,0.9,source_metadata,usaspending_api,https://www.usaspending.gov/award/CONT_AWD_FA945324C0001_9700_-NONE-_-NONE-
usaspending_CONT_AWD_FA945324C0001_9700_NONE_NONE_,government_contract_BKSY_FA945324C0001,BKSY,2024-03-15T12:00:00,award_type,DEFINITIVE CONTRACT,text,DEFINITIVE CONTRACT,0.9,source_metadata,usaspending_api,https://www.usaspending.gov/award/CONT_AWD_FA945324C0001_9700_-NONE-_-NONE-
usaspending_CONT_AWD_FA945324C0001_9700_NONE_NONE_,government_contract_BKSY_FA945324C0001,BKSY,2024-03-15T12:00:00,ceiling_only_flag,False,boolean,derived parser flag,0.78,derived_flag,usaspending_api,https://www.usaspending.gov/award/CONT_AWD_FA945324C0001_9700_-NONE-_-NONE-
usaspending_CONT_AWD_FA945324C0001_9700_NONE_NONE_,government_contract_BKSY_FA945324C0001,BKSY,2024-03-15T12:00:00,contract_number,FA945324C0001,text,FA945324C0001,0.9,source_metadata,usaspending_api,https://www.usaspending.gov/award/CONT_AWD_FA945324C0001_9700_-NONE-_-NONE-
usaspending_CONT_AWD_FA945324C0001_9700_NONE_NONE_,government_contract_BKSY_FA945324C0001,BKSY,2024-03-15T12:00:00,contract_type,DEFINITIVE CONTRACT,text,DEFINITIVE CONTRACT,0.9,source_metadata,usaspending_api,https://www.usaspending.gov/award/CONT_AWD_FA945324C0001_9700_-NONE-_-NONE-
usaspending_CONT_AWD_FA945324C0001_9700_NONE_NONE_,government_contract_BKSY_FA945324C0001,BKSY,2024-03-15T12:00:00,government_contract_event_type,new_contract_award,category,contract award language,0.76,document_keyword,usaspending_api,https://www.usaspending.gov/award/CONT_AWD_FA945324C0001_9700_-NONE-_-NONE-
usaspending_CONT_AWD_FA945324C0001_9700_NONE_NONE_,government_contract_BKSY_FA945324C0001,BKSY,2024-03-15T12:00:00,incumbent_or_extension_flag,False,boolean,derived parser flag,0.78,derived_flag,usaspending_api,https://www.usaspending.gov/award/CONT_AWD_FA945324C0001_9700_-NONE-_-NONE-
usaspending_CONT_AWD_FA945324C0001_9700_NONE_NONE_,government_contract_BKSY_FA945324C0001,BKSY,2024-03-15T12:00:00,mapped_ticker,BKSY,text,BKSY,0.9,source_metadata,usaspending_api,https://www.usaspending.gov/award/CONT_AWD_FA945324C0001_9700_-NONE-_-NONE-
usaspending_CONT_AWD_FA945324C0001_9700_NONE_NONE_,government_contract_BKSY_FA945324C0001,BKSY,2024-03-15T12:00:00,mapping_type,exact,text,exact,0.9,source_metadata,usaspending_api,https://www.usaspending.gov/award/CONT_AWD_FA945324C0001_9700_-NONE-_-NONE-
usaspending_CONT_AWD_FA945324C0001_9700_NONE_NONE_,government_contract_BKSY_FA945324C0001,BKSY,2024-03-15T12:00:00,materiality_context_required_flag,True,boolean,derived parser flag,0.78,derived_flag,usaspending_api,https://www.usaspending.gov/award/CONT_AWD_FA945324C0001_9700_-NONE-_-NONE-
usaspending_CONT_AWD_FA945324C0001_9700_NONE_NONE_,government_contract_BKSY_FA945324C0001,BKSY,2024-03-15T12:00:00,modification_flag,False,boolean,derived parser flag,0.78,derived_flag,usaspending_api,https://www.usaspending.gov/award/CONT_AWD_FA945324C0001_9700_-NONE-_-NONE-
usaspending_CONT_AWD_FA945324C0001_9700_NONE_NONE_,government_contract_BKSY_FA945324C0001,BKSY,2024-03-15T12:00:00,naics_code,541715,text,541715,0.9,source_metadata,usaspending_api,https://www.usaspending.gov/award/CONT_AWD_FA945324C0001_9700_-NONE-_-NONE-
usaspending_CONT_AWD_FA945324C0001_9700_NONE_NONE_,government_contract_BKSY_FA945324C0001,BKSY,2024-03-15T12:00:00,new_vs_modification,new_work,category,derived parser taxonomy,0.78,derived_flag,usaspending_api,https://www.usaspending.gov/award/CONT_AWD_FA945324C0001_9700_-NONE-_-NONE-
usaspending_CONT_AWD_FA945324C0001_9700_NONE_NONE_,government_contract_BKSY_FA945324C0001,BKSY,2024-03-15T12:00:00,new_work_flag,True,boolean,derived parser flag,0.78,derived_flag,usaspending_api,https://www.usaspending.gov/award/CONT_AWD_FA945324C0001_9700_-NONE-_-NONE-
usaspending_CONT_AWD_FA945324C0001_9700_NONE_NONE_,government_contract_BKSY_FA945324C0001,BKSY,2024-03-15T12:00:00,obligated_amount,3538098.0,usd,source metadata,0.9,source_metadata,usaspending_api,https://www.usaspending.gov/award/CONT_AWD_FA945324C0001_9700_-NONE-_-NONE-
usaspending_CONT_AWD_FA945324C0001_9700_NONE_NONE_,government_contract_BKSY_FA945324C0001,BKSY,2024-03-15T12:00:00,option_exercise_flag,False,boolean,derived parser flag,0.78,derived_flag,usaspending_api,https://www.usaspending.gov/award/CONT_AWD_FA945324C0001_9700_-NONE-_-NONE-
usaspending_CONT_AWD_FA945324C0001_9700_NONE_NONE_,government_contract_BKSY_FA945324C0001,BKSY,2024-03-15T12:00:00,parent_company_name,BlackSky Technology Inc.,text,BlackSky Technology Inc.,0.9,source_metadata,usaspending_api,https://www.usaspending.gov/award/CONT_AWD_FA945324C0001_9700_-NONE-_-NONE-
usaspending_CONT_AWD_FA945324C0001_9700_NONE_NONE_,government_contract_BKSY_FA945324C0001,BKSY,2024-03-15T12:00:00,parser_quality_flags,,text,,0.7,derived_quality_flags,usaspending_api,https://www.usaspending.gov/award/CONT_AWD_FA945324C0001_9700_-NONE-_-NONE-
usaspending_CONT_AWD_FA945324C0001_9700_NONE_NONE_,government_contract_BKSY_FA945324C0001,BKSY,2024-03-15T12:00:00,period_of_performance_end,2026-04-04,text,2026-04-04,0.9,source_metadata,usaspending_api,https://www.usaspending.gov/award/CONT_AWD_FA945324C0001_9700_-NONE-_-NONE-
usaspending_CONT_AWD_FA945324C0001_9700_NONE_NONE_,government_contract_BKSY_FA945324C0001,BKSY,2024-03-15T12:00:00,period_of_performance_start,2024-03-15,text,2024-03-15,0.9,source_metadata,usaspending_api,https://www.usaspending.gov/award/CONT_AWD_FA945324C0001_9700_-NONE-_-NONE-
usaspending_CONT_AWD_FA945324C0001_9700_NONE_NONE_,government_contract_BKSY_FA945324C0001,BKSY,2024-03-15T12:00:00,prime_contractor_flag,True,boolean,derived parser flag,0.78,derived_flag,usaspending_api,https://www.usaspending.gov/award/CONT_AWD_FA945324C0001_9700_-NONE-_-NONE-
usaspending_CONT_AWD_FA945324C0001_9700_NONE_NONE_,government_contract_BKSY_FA945324C0001,BKSY,2024-03-15T12:00:00,prime_or_sub,prime,text,prime,0.9,source_metadata,usaspending_api,https://www.usaspending.gov/award/CONT_AWD_FA945324C0001_9700_-NONE-_-NONE-
usaspending_CONT_AWD_FA945324C0001_9700_NONE_NONE_,government_contract_BKSY_FA945324C0001,BKSY,2024-03-15T12:00:00,product_or_service_description,BLACKSKY GLOBAL MOVING TARGET ENGAGEMENT,text,BLACKSKY GLOBAL MOVING TARGET ENGAGEMENT,0.9,source_metadata,usaspending_api,https://www.usaspending.gov/award/CONT_AWD_FA945324C0001_9700_-NONE-_-NONE-
usaspending_CONT_AWD_FA945324C0001_9700_NONE_NONE_,government_contract_BKSY_FA945324C0001,BKSY,2024-03-15T12:00:00,psc_code,AC22,text,AC22,0.9,source_metadata,usaspending_api,https://www.usaspending.gov/award/CONT_AWD_FA945324C0001_9700_-NONE-_-NONE-
usaspending_CONT_AWD_FA945324C0001_9700_NONE_NONE_,government_contract_BKSY_FA945324C0001,BKSY,2024-03-15T12:00:00,recipient_mapping_confidence,0.94,ratio,source metadata,0.9,source_metadata,usaspending_api,https://www.usaspending.gov/award/CONT_AWD_FA945324C0001_9700_-NONE-_-NONE-
usaspending_CONT_AWD_FA945324C0001_9700_NONE_NONE_,government_contract_BKSY_FA945324C0001,BKSY,2024-03-15T12:00:00,recipient_name,"BLACKSKY GEOSPATIAL SOLUTIONS, LLC",text,"BLACKSKY GEOSPATIAL SOLUTIONS, LLC",0.9,source_metadata,usaspending_api,https://www.usaspending.gov/award/CONT_AWD_FA945324C0001_9700_-NONE-_-NONE-
usaspending_CONT_AWD_FA945324C0001_9700_NONE_NONE_,government_contract_BKSY_FA945324C0001,BKSY,2024-03-15T12:00:00,recompete_or_extension_flag,False,boolean,derived parser flag,0.78,derived_flag,usaspending_api,https://www.usaspending.gov/award/CONT_AWD_FA945324C0001_9700_-NONE-_-NONE-
usaspending_CONT_AWD_FA945324C0001_9700_NONE_NONE_,government_contract_BKSY_FA945324C0001,BKSY,2024-03-15T12:00:00,source_evidence_text,"Government contract source row. Recipient: BLACKSKY GEOSPATIAL SOLUTIONS, LLC. Award ID: FA945324C0001. Agency: Department of Defense. Sub-agency: Department of the Air Force. Contract award type: DEFINITIVE CONTRACT. Award amount: 3538098.0. Obligated amount: 3538098.0. NAICS: 541715. PSC: AC22. Description: BLACKSKY GLOBAL MOVING TARGET ENGAGEMENT. Period of performance: 2024-03-15 to 2026-04-04. NAICS description: RESEARCH AND DEVELOPMENT IN THE PHYSICAL, ENGINEERING, AND LIFE SCIENCES (EXCEPT NANOTECHNOLOGY AND BIOTECHNOLOGY). PSC description: NATIONAL DEFENSE R&D SERVICES; ATOMIC ENERGY DEFENSE ACTIVITIES; APPLIED RESEARCH.",text,"Government contract source row. Recipient: BLACKSKY GEOSPATIAL SOLUTIONS, LLC. Award ID: FA945324C0001. Agency: Department of Defense. Sub-agency: Department of the Air Force. Contract award type: DEFINITIVE CONTRACT. Award amount: 3538098.0. Obligated amount: 3538098.0. NAICS: 541715. PSC: AC22. Description: BLACKSKY GLOBAL MOVING TARGET ENGAGEMENT. Period of performance: 2024-03-15 to 2026-04-04. NAICS description: RESEARCH AND DEVELOPMENT IN THE PHYSICAL, ENGINEERING, AND LIFE SCIENCES (EXCEPT NANOTECHNOLOGY AND BIOTECHNOLOGY). PSC description: NATIONAL DEFENSE R&D SERVICES; ATOMIC ENERGY DEFENSE ACTIVITIES; APPLIED RESEARCH.",0.65,source_excerpt,usaspending_api,https://www.usaspending.gov/award/CONT_AWD_FA945324C0001_9700_-NONE-_-NONE-
usaspending_CONT_AWD_FA945324C0001_9700_NONE_NONE_,government_contract_BKSY_FA945324C0001,BKSY,2024-03-15T12:00:00,sub_agency,Department of the Air Force,text,Department of the Air Force,0.9,source_metadata,usaspending_api,https://www.usaspending.gov/award/CONT_AWD_FA945324C0001_9700_-NONE-_-NONE-
usaspending_CONT_AWD_FA945324C0001_9700_NONE_NONE_,government_contract_BKSY_FA945324C0001,BKSY,2024-03-15T12:00:00,subcontractor_flag,False,boolean,derived parser flag,0.78,derived_flag,usaspending_api,https://www.usaspending.gov/award/CONT_AWD_FA945324C0001_9700_-NONE-_-NONE-
usaspending_CONT_AWD_N0002424CS073_9700_NONE_NONE_,government_contract_BKSY_N0002424CS073,BKSY,2024-09-18T12:00:00,actual_funded_award_flag,True,boolean,derived parser flag,0.78,derived_flag,usaspending_api,https://www.usaspending.gov/award/CONT_AWD_N0002424CS073_9700_-NONE-_-NONE-
usaspending_CONT_AWD_N0002424CS073_9700_NONE_NONE_,government_contract_BKSY_N0002424CS073,BKSY,2024-09-18T12:00:00,agency,Department of Defense,text,Department of Defense,0.9,source_metadata,usaspending_api,https://www.usaspending.gov/award/CONT_AWD_N0002424CS073_9700_-NONE-_-NONE-
usaspending_CONT_AWD_N0002424CS073_9700_NONE_NONE_,government_contract_BKSY_N0002424CS073,BKSY,2024-09-18T12:00:00,award_amount,1836661.0,usd,source metadata,0.9,source_metadata,usaspending_api,https://www.usaspending.gov/award/CONT_AWD_N0002424CS073_9700_-NONE-_-NONE-
usaspending_CONT_AWD_N0002424CS073_9700_NONE_NONE_,government_contract_BKSY_N0002424CS073,BKSY,2024-09-18T12:00:00,award_type,DEFINITIVE CONTRACT,text,DEFINITIVE CONTRACT,0.9,source_metadata,usaspending_api,https://www.usaspending.gov/award/CONT_AWD_N0002424CS073_9700_-NONE-_-NONE-
usaspending_CONT_AWD_N0002424CS073_9700_NONE_NONE_,government_contract_BKSY_N0002424CS073,BKSY,2024-09-18T12:00:00,ceiling_only_flag,False,boolean,derived parser flag,0.78,derived_flag,usaspending_api,https://www.usaspending.gov/award/CONT_AWD_N0002424CS073_9700_-NONE-_-NONE-
usaspending_CONT_AWD_N0002424CS073_9700_NONE_NONE_,government_contract_BKSY_N0002424CS073,BKSY,2024-09-18T12:00:00,contract_number,N0002424CS073,text,N0002424CS073,0.9,source_metadata,usaspending_api,https://www.usaspending.gov/award/CONT_AWD_N0002424CS073_9700_-NONE-_-NONE-
usaspending_CONT_AWD_N0002424CS073_9700_NONE_NONE_,government_contract_BKSY_N0002424CS073,BKSY,2024-09-18T12:00:00,contract_type,DEFINITIVE CONTRACT,text,DEFINITIVE CONTRACT,0.9,source_metadata,usaspending_api,https://www.usaspending.gov/award/CONT_AWD_N0002424CS073_9700_-NONE-_-NONE-
usaspending_CONT_AWD_N0002424CS073_9700_NONE_NONE_,government_contract_BKSY_N0002424CS073,BKSY,2024-09-18T12:00:00,government_contract_event_type,new_contract_award,category,contract award language,0.76,document_keyword,usaspending_api,https://www.usaspending.gov/award/CONT_AWD_N0002424CS073_9700_-NONE-_-NONE-
usaspending_CONT_AWD_N0002424CS073_9700_NONE_NONE_,government_contract_BKSY_N0002424CS073,BKSY,2024-09-18T12:00:00,incumbent_or_extension_flag,False,boolean,derived parser flag,0.78,derived_flag,usaspending_api,https://www.usaspending.gov/award/CONT_AWD_N0002424CS073_9700_-NONE-_-NONE-
usaspending_CONT_AWD_N0002424CS073_9700_NONE_NONE_,government_contract_BKSY_N0002424CS073,BKSY,2024-09-18T12:00:00,mapped_ticker,BKSY,text,BKSY,0.9,source_metadata,usaspending_api,https://www.usaspending.gov/award/CONT_AWD_N0002424CS073_9700_-NONE-_-NONE-
usaspending_CONT_AWD_N0002424CS073_9700_NONE_NONE_,government_contract_BKSY_N0002424CS073,BKSY,2024-09-18T12:00:00,mapping_type,exact,text,exact,0.9,source_metadata,usaspending_api,https://www.usaspending.gov/award/CONT_AWD_N0002424CS073_9700_-NONE-_-NONE-
usaspending_CONT_AWD_N0002424CS073_9700_NONE_NONE_,government_contract_BKSY_N0002424CS073,BKSY,2024-09-18T12:00:00,materiality_context_required_flag,True,boolean,derived parser flag,0.78,derived_flag,usaspending_api,https://www.usaspending.gov/award/CONT_AWD_N0002424CS073_9700_-NONE-_-NONE-
usaspending_CONT_AWD_N0002424CS073_9700_NONE_NONE_,government_contract_BKSY_N0002424CS073,BKSY,2024-09-18T12:00:00,modification_flag,False,boolean,derived parser flag,0.78,derived_flag,usaspending_api,https://www.usaspending.gov/award/CONT_AWD_N0002424CS073_9700_-NONE-_-NONE-
usaspending_CONT_AWD_N0002424CS073_9700_NONE_NONE_,government_contract_BKSY_N0002424CS073,BKSY,2024-09-18T12:00:00,naics_code,541713,text,541713,0.9,source_metadata,usaspending_api,https://www.usaspending.gov/award/CONT_AWD_N0002424CS073_9700_-NONE-_-NONE-
usaspending_CONT_AWD_N0002424CS073_9700_NONE_NONE_,government_contract_BKSY_N0002424CS073,BKSY,2024-09-18T12:00:00,new_vs_modification,new_work,category,derived parser taxonomy,0.78,derived_flag,usaspending_api,https://www.usaspending.gov/award/CONT_AWD_N0002424CS073_9700_-NONE-_-NONE-
usaspending_CONT_AWD_N0002424CS073_9700_NONE_NONE_,government_contract_BKSY_N0002424CS073,BKSY,2024-09-18T12:00:00,new_work_flag,True,boolean,derived parser flag,0.78,derived_flag,usaspending_api,https://www.usaspending.gov/award/CONT_AWD_N0002424CS073_9700_-NONE-_-NONE-
usaspending_CONT_AWD_N0002424CS073_9700_NONE_NONE_,government_contract_BKSY_N0002424CS073,BKSY,2024-09-18T12:00:00,obligated_amount,1836661.0,usd,source metadata,0.9,source_metadata,usaspending_api,https://www.usaspending.gov/award/CONT_AWD_N0002424CS073_9700_-NONE-_-NONE-
usaspending_CONT_AWD_N0002424CS073_9700_NONE_NONE_,government_contract_BKSY_N0002424CS073,BKSY,2024-09-18T12:00:00,option_exercise_flag,False,boolean,derived parser flag,0.78,derived_flag,usaspending_api,https://www.usaspending.gov/award/CONT_AWD_N0002424CS073_9700_-NONE-_-NONE-
usaspending_CONT_AWD_N0002424CS073_9700_NONE_NONE_,government_contract_BKSY_N0002424CS073,BKSY,2024-09-18T12:00:00,parent_company_name,BlackSky Technology Inc.,text,BlackSky Technology Inc.,0.9,source_metadata,usaspending_api,https://www.usaspending.gov/award/CONT_AWD_N0002424CS073_9700_-NONE-_-NONE-
usaspending_CONT_AWD_N0002424CS073_9700_NONE_NONE_,government_contract_BKSY_N0002424CS073,BKSY,2024-09-18T12:00:00,parser_quality_flags,,text,,0.7,derived_quality_flags,usaspending_api,https://www.usaspending.gov/award/CONT_AWD_N0002424CS073_9700_-NONE-_-NONE-
usaspending_CONT_AWD_N0002424CS073_9700_NONE_NONE_,government_contract_BKSY_N0002424CS073,BKSY,2024-09-18T12:00:00,period_of_performance_end,2027-09-11,text,2027-09-11,0.9,source_metadata,usaspending_api,https://www.usaspending.gov/award/CONT_AWD_N0002424CS073_9700_-NONE-_-NONE-
usaspending_CONT_AWD_N0002424CS073_9700_NONE_NONE_,government_contract_BKSY_N0002424CS073,BKSY,2024-09-18T12:00:00,period_of_performance_start,2024-09-18,text,2024-09-18,0.9,source_metadata,usaspending_api,https://www.usaspending.gov/award/CONT_AWD_N0002424CS073_9700_-NONE-_-NONE-
usaspending_CONT_AWD_N0002424CS073_9700_NONE_NONE_,government_contract_BKSY_N0002424CS073,BKSY,2024-09-18T12:00:00,prime_contractor_flag,True,boolean,derived parser flag,0.78,derived_flag,usaspending_api,https://www.usaspending.gov/award/CONT_AWD_N0002424CS073_9700_-NONE-_-NONE-
usaspending_CONT_AWD_N0002424CS073_9700_NONE_NONE_,government_contract_BKSY_N0002424CS073,BKSY,2024-09-18T12:00:00,prime_or_sub,prime,text,prime,0.9,source_metadata,usaspending_api,https://www.usaspending.gov/award/CONT_AWD_N0002424CS073_9700_-NONE-_-NONE-
usaspending_CONT_AWD_N0002424CS073_9700_NONE_NONE_,government_contract_BKSY_N0002424CS073,BKSY,2024-09-18T12:00:00,product_or_service_description,BASE,text,BASE,0.9,source_metadata,usaspending_api,https://www.usaspending.gov/award/CONT_AWD_N0002424CS073_9700_-NONE-_-NONE-
usaspending_CONT_AWD_N0002424CS073_9700_NONE_NONE_,government_contract_BKSY_N0002424CS073,BKSY,2024-09-18T12:00:00,psc_code,AC32,text,AC32,0.9,source_metadata,usaspending_api,https://www.usaspending.gov/award/CONT_AWD_N0002424CS073_9700_-NONE-_-NONE-
usaspending_CONT_AWD_N0002424CS073_9700_NONE_NONE_,government_contract_BKSY_N0002424CS073,BKSY,2024-09-18T12:00:00,recipient_mapping_confidence,0.94,ratio,source metadata,0.9,source_metadata,usaspending_api,https://www.usaspending.gov/award/CONT_AWD_N0002424CS073_9700_-NONE-_-NONE-
usaspending_CONT_AWD_N0002424CS073_9700_NONE_NONE_,government_contract_BKSY_N0002424CS073,BKSY,2024-09-18T12:00:00,recipient_name,"BLACKSKY GEOSPATIAL SOLUTIONS, LLC",text,"BLACKSKY GEOSPATIAL SOLUTIONS, LLC",0.9,source_metadata,usaspending_api,https://www.usaspending.gov/award/CONT_AWD_N0002424CS073_9700_-NONE-_-NONE-
usaspending_CONT_AWD_N0002424CS073_9700_NONE_NONE_,government_contract_BKSY_N0002424CS073,BKSY,2024-09-18T12:00:00,recompete_or_extension_flag,False,boolean,derived parser flag,0.78,derived_flag,usaspending_api,https://www.usaspending.gov/award/CONT_AWD_N0002424CS073_9700_-NONE-_-NONE-
usaspending_CONT_AWD_N0002424CS073_9700_NONE_NONE_,government_contract_BKSY_N0002424CS073,BKSY,2024-09-18T12:00:00,source_evidence_text,"Government contract source row. Recipient: BLACKSKY GEOSPATIAL SOLUTIONS, LLC. Award ID: N0002424CS073. Agency: Department of Defense. Sub-agency: Department of the Navy. Contract award type: DEFINITIVE CONTRACT. Award amount: 1836661.0. Obligated amount: 1836661.0. NAICS: 541713. PSC: AC32. Description: BASE. Period of performance: 2024-09-18 to 2027-09-11. NAICS description: RESEARCH AND DEVELOPMENT IN NANOTECHNOLOGY. PSC description: NATIONAL DEFENSE R&D SERVICES; DEFENSE-RELATED ACTIVITIES; APPLIED RESEARCH.",text,"Government contract source row. Recipient: BLACKSKY GEOSPATIAL SOLUTIONS, LLC. Award ID: N0002424CS073. Agency: Department of Defense. Sub-agency: Department of the Navy. Contract award type: DEFINITIVE CONTRACT. Award amount: 1836661.0. Obligated amount: 1836661.0. NAICS: 541713. PSC: AC32. Description: BASE. Period of performance: 2024-09-18 to 2027-09-11. NAICS description: RESEARCH AND DEVELOPMENT IN NANOTECHNOLOGY. PSC description: NATIONAL DEFENSE R&D SERVICES; DEFENSE-RELATED ACTIVITIES; APPLIED RESEARCH.",0.65,source_excerpt,usaspending_api,https://www.usaspending.gov/award/CONT_AWD_N0002424CS073_9700_-NONE-_-NONE-
usaspending_CONT_AWD_N0002424CS073_9700_NONE_NONE_,government_contract_BKSY_N0002424CS073,BKSY,2024-09-18T12:00:00,sub_agency,Department of the Navy,text,Department of the Navy,0.9,source_metadata,usaspending_api,https://www.usaspending.gov/award/CONT_AWD_N0002424CS073_9700_-NONE-_-NONE-
usaspending_CONT_AWD_N0002424CS073_9700_NONE_NONE_,government_contract_BKSY_N0002424CS073,BKSY,2024-09-18T12:00:00,subcontractor_flag,False,boolean,derived parser flag,0.78,derived_flag,usaspending_api,https://www.usaspending.gov/award/CONT_AWD_N0002424CS073_9700_-NONE-_-NONE-
usaspending_CONT_IDV_80JSC024DA020_8000,government_contract_LUNR_80JSC024DA020,LUNR,2024-03-28T12:00:00,actual_funded_award_flag,False,boolean,derived parser flag,0.78,derived_flag,usaspending_api,https://www.usaspending.gov/award/CONT_IDV_80JSC024DA020_8000
usaspending_CONT_IDV_80JSC024DA020_8000,government_contract_LUNR_80JSC024DA020,LUNR,2024-03-28T12:00:00,agency,National Aeronautics and Space Administration,text,National Aeronautics and Space Administration,0.9,source_metadata,usaspending_api,https://www.usaspending.gov/award/CONT_IDV_80JSC024DA020_8000
usaspending_CONT_IDV_80JSC024DA020_8000,government_contract_LUNR_80JSC024DA020,LUNR,2024-03-28T12:00:00,award_amount,30000000.0,usd,source metadata,0.9,source_metadata,usaspending_api,https://www.usaspending.gov/award/CONT_IDV_80JSC024DA020_8000
usaspending_CONT_IDV_80JSC024DA020_8000,government_contract_LUNR_80JSC024DA020,LUNR,2024-03-28T12:00:00,award_type,INDEFINITE DELIVERY / INDEFINITE QUANTITY,text,INDEFINITE DELIVERY / INDEFINITE QUANTITY,0.9,source_metadata,usaspending_api,https://www.usaspending.gov/award/CONT_IDV_80JSC024DA020_8000
usaspending_CONT_IDV_80JSC024DA020_8000,government_contract_LUNR_80JSC024DA020,LUNR,2024-03-28T12:00:00,ceiling_only_flag,True,boolean,derived parser flag,0.78,derived_flag,usaspending_api,https://www.usaspending.gov/award/CONT_IDV_80JSC024DA020_8000
usaspending_CONT_IDV_80JSC024DA020_8000,government_contract_LUNR_80JSC024DA020,LUNR,2024-03-28T12:00:00,contract_ceiling,30000000.0,usd,source metadata,0.9,source_metadata,usaspending_api,https://www.usaspending.gov/award/CONT_IDV_80JSC024DA020_8000
usaspending_CONT_IDV_80JSC024DA020_8000,government_contract_LUNR_80JSC024DA020,LUNR,2024-03-28T12:00:00,contract_number,80JSC024DA020,text,80JSC024DA020,0.9,source_metadata,usaspending_api,https://www.usaspending.gov/award/CONT_IDV_80JSC024DA020_8000
usaspending_CONT_IDV_80JSC024DA020_8000,government_contract_LUNR_80JSC024DA020,LUNR,2024-03-28T12:00:00,contract_type,INDEFINITE DELIVERY / INDEFINITE QUANTITY,text,INDEFINITE DELIVERY / INDEFINITE QUANTITY,0.9,source_metadata,usaspending_api,https://www.usaspending.gov/award/CONT_IDV_80JSC024DA020_8000
usaspending_CONT_IDV_80JSC024DA020_8000,government_contract_LUNR_80JSC024DA020,LUNR,2024-03-28T12:00:00,government_contract_event_type,idiq_vehicle_award,category,IDIQ/contract vehicle language,0.88,document_keyword,usaspending_api,https://www.usaspending.gov/award/CONT_IDV_80JSC024DA020_8000
usaspending_CONT_IDV_80JSC024DA020_8000,government_contract_LUNR_80JSC024DA020,LUNR,2024-03-28T12:00:00,incumbent_or_extension_flag,False,boolean,derived parser flag,0.78,derived_flag,usaspending_api,https://www.usaspending.gov/award/CONT_IDV_80JSC024DA020_8000
usaspending_CONT_IDV_80JSC024DA020_8000,government_contract_LUNR_80JSC024DA020,LUNR,2024-03-28T12:00:00,mapped_ticker,LUNR,text,LUNR,0.9,source_metadata,usaspending_api,https://www.usaspending.gov/award/CONT_IDV_80JSC024DA020_8000
usaspending_CONT_IDV_80JSC024DA020_8000,government_contract_LUNR_80JSC024DA020,LUNR,2024-03-28T12:00:00,mapping_type,exact,text,exact,0.9,source_metadata,usaspending_api,https://www.usaspending.gov/award/CONT_IDV_80JSC024DA020_8000
usaspending_CONT_IDV_80JSC024DA020_8000,government_contract_LUNR_80JSC024DA020,LUNR,2024-03-28T12:00:00,materiality_context_required_flag,True,boolean,derived parser flag,0.78,derived_flag,usaspending_api,https://www.usaspending.gov/award/CONT_IDV_80JSC024DA020_8000
usaspending_CONT_IDV_80JSC024DA020_8000,government_contract_LUNR_80JSC024DA020,LUNR,2024-03-28T12:00:00,modification_flag,False,boolean,derived parser flag,0.78,derived_flag,usaspending_api,https://www.usaspending.gov/award/CONT_IDV_80JSC024DA020_8000
usaspending_CONT_IDV_80JSC024DA020_8000,government_contract_LUNR_80JSC024DA020,LUNR,2024-03-28T12:00:00,naics_code,336414,text,336414,0.9,source_metadata,usaspending_api,https://www.usaspending.gov/award/CONT_IDV_80JSC024DA020_8000
usaspending_CONT_IDV_80JSC024DA020_8000,government_contract_LUNR_80JSC024DA020,LUNR,2024-03-28T12:00:00,new_vs_modification,capacity,category,derived parser taxonomy,0.78,derived_flag,usaspending_api,https://www.usaspending.gov/award/CONT_IDV_80JSC024DA020_8000
usaspending_CONT_IDV_80JSC024DA020_8000,government_contract_LUNR_80JSC024DA020,LUNR,2024-03-28T12:00:00,new_work_flag,False,boolean,derived parser flag,0.78,derived_flag,usaspending_api,https://www.usaspending.gov/award/CONT_IDV_80JSC024DA020_8000
usaspending_CONT_IDV_80JSC024DA020_8000,government_contract_LUNR_80JSC024DA020,LUNR,2024-03-28T12:00:00,option_exercise_flag,False,boolean,derived parser flag,0.78,derived_flag,usaspending_api,https://www.usaspending.gov/award/CONT_IDV_80JSC024DA020_8000
usaspending_CONT_IDV_80JSC024DA020_8000,government_contract_LUNR_80JSC024DA020,LUNR,2024-03-28T12:00:00,parent_company_name,"Intuitive Machines, Inc.",text,"Intuitive Machines, Inc.",0.9,source_metadata,usaspending_api,https://www.usaspending.gov/award/CONT_IDV_80JSC024DA020_8000
usaspending_CONT_IDV_80JSC024DA020_8000,government_contract_LUNR_80JSC024DA020,LUNR,2024-03-28T12:00:00,parser_quality_flags,,text,,0.7,derived_quality_flags,usaspending_api,https://www.usaspending.gov/award/CONT_IDV_80JSC024DA020_8000
usaspending_CONT_IDV_80JSC024DA020_8000,government_contract_LUNR_80JSC024DA020,LUNR,2024-03-28T12:00:00,period_of_performance_start,2024-03-28,text,2024-03-28,0.9,source_metadata,usaspending_api,https://www.usaspending.gov/award/CONT_IDV_80JSC024DA020_8000
usaspending_CONT_IDV_80JSC024DA020_8000,government_contract_LUNR_80JSC024DA020,LUNR,2024-03-28T12:00:00,prime_contractor_flag,True,boolean,derived parser flag,0.78,derived_flag,usaspending_api,https://www.usaspending.gov/award/CONT_IDV_80JSC024DA020_8000
usaspending_CONT_IDV_80JSC024DA020_8000,government_contract_LUNR_80JSC024DA020,LUNR,2024-03-28T12:00:00,prime_or_sub,prime,text,prime,0.9,source_metadata,usaspending_api,https://www.usaspending.gov/award/CONT_IDV_80JSC024DA020_8000
usaspending_CONT_IDV_80JSC024DA020_8000,government_contract_LUNR_80JSC024DA020,LUNR,2024-03-28T12:00:00,product_or_service_description,THE LUNAR TERRAIN VEHICLE (LTV) SERVICES (SERVICES) CONTRACT WILL PROVIDE NASA INCREASED LUNAR SURFACE UNPRESSURIZED MOBILITY FOR SUITED EXTRAVEHICULAR ACTIVITY (EVA) CREW MEMBERS.,text,THE LUNAR TERRAIN VEHICLE (LTV) SERVICES (SERVICES) CONTRACT WILL PROVIDE NASA INCREASED LUNAR SURFACE UNPRESSURIZED MOBILITY FOR SUITED EXTRAVEHICULAR ACTIVITY (EVA) CREW MEMBERS.,0.9,source_metadata,usaspending_api,https://www.usaspending.gov/award/CONT_IDV_80JSC024DA020_8000
usaspending_CONT_IDV_80JSC024DA020_8000,government_contract_LUNR_80JSC024DA020,LUNR,2024-03-28T12:00:00,psc_code,W018,text,W018,0.9,source_metadata,usaspending_api,https://www.usaspending.gov/award/CONT_IDV_80JSC024DA020_8000
usaspending_CONT_IDV_80JSC024DA020_8000,government_contract_LUNR_80JSC024DA020,LUNR,2024-03-28T12:00:00,recipient_mapping_confidence,0.94,ratio,source metadata,0.9,source_metadata,usaspending_api,https://www.usaspending.gov/award/CONT_IDV_80JSC024DA020_8000
usaspending_CONT_IDV_80JSC024DA020_8000,government_contract_LUNR_80JSC024DA020,LUNR,2024-03-28T12:00:00,recipient_name,"INTUITIVE MACHINES, LLC",text,"INTUITIVE MACHINES, LLC",0.9,source_metadata,usaspending_api,https://www.usaspending.gov/award/CONT_IDV_80JSC024DA020_8000
usaspending_CONT_IDV_80JSC024DA020_8000,government_contract_LUNR_80JSC024DA020,LUNR,2024-03-28T12:00:00,recompete_or_extension_flag,False,boolean,derived parser flag,0.78,derived_flag,usaspending_api,https://www.usaspending.gov/award/CONT_IDV_80JSC024DA020_8000
usaspending_CONT_IDV_80JSC024DA020_8000,government_contract_LUNR_80JSC024DA020,LUNR,2024-03-28T12:00:00,source_evidence_text,"Government contract source row. Recipient: INTUITIVE MACHINES, LLC. Award ID: 80JSC024DA020. Agency: National Aeronautics and Space Administration. Sub-agency: National Aeronautics and Space Administration. Contract award type: INDEFINITE DELIVERY / INDEFINITE QUANTITY. Award amount: 30000000.0. Contract ceiling: 30000000.0. NAICS: 336414. PSC: W018. Description: THE LUNAR TERRAIN VEHICLE (LTV) SERVICES (SERVICES) CONTRACT WILL PROVIDE NASA INCREASED LUNAR SURFACE UNPRESSURIZED MOBILITY FOR SUITED EXTRAVEHICULAR ACTIVITY (EVA) CREW MEMBERS.. Period of performance: 2024-03-28 to . NAICS description: GUIDED MISSILE AND SPACE VEHICLE MANUFACTURING. PSC description: LEASE OR RENTAL OF EQUIPMENT-",text,"Government contract source row. Recipient: INTUITIVE MACHINES, LLC. Award ID: 80JSC024DA020. Agency: National Aeronautics and Space Administration. Sub-agency: National Aeronautics and Space Administration. Contract award type: INDEFINITE DELIVERY / INDEFINITE QUANTITY. Award amount: 30000000.0. Contract ceiling: 30000000.0. NAICS: 336414. PSC: W018. Description: THE LUNAR TERRAIN VEHICLE (LTV) SERVICES (SERVICES) CONTRACT WILL PROVIDE NASA INCREASED LUNAR SURFACE UNPRESSURIZED MOBILITY FOR SUITED EXTRAVEHICULAR ACTIVITY (EVA) CREW MEMBERS.. Period of performance: 2024-03-28 to . NAICS description: GUIDED MISSILE AND SPACE VEHICLE MANUFACTURING. PSC description: LEASE OR RENTAL OF EQUIPMENT-",0.65,source_excerpt,usaspending_api,https://www.usaspending.gov/award/CONT_IDV_80JSC024DA020_8000
usaspending_CONT_IDV_80JSC024DA020_8000,government_contract_LUNR_80JSC024DA020,LUNR,2024-03-28T12:00:00,sub_agency,National Aeronautics and Space Administration,text,National Aeronautics and Space Administration,0.9,source_metadata,usaspending_api,https://www.usaspending.gov/award/CONT_IDV_80JSC024DA020_8000
usaspending_CONT_IDV_80JSC024DA020_8000,government_contract_LUNR_80JSC024DA020,LUNR,2024-03-28T12:00:00,subcontractor_flag,False,boolean,derived parser flag,0.78,derived_flag,usaspending_api,https://www.usaspending.gov/award/CONT_IDV_80JSC024DA020_8000
usaspending_CONT_AWD_80JSC024F0079_8000_80HQTR19D0010_8000,government_contract_LUNR_80JSC024F0079,LUNR,2024-08-29T12:00:00,actual_funded_award_flag,True,boolean,derived parser flag,0.78,derived_flag,usaspending_api,https://www.usaspending.gov/award/CONT_AWD_80JSC024F0079_8000_80HQTR19D0010_8000
usaspending_CONT_AWD_80JSC024F0079_8000_80HQTR19D0010_8000,government_contract_LUNR_80JSC024F0079,LUNR,2024-08-29T12:00:00,agency,National Aeronautics and Space Administration,text,National Aeronautics and Space Administration,0.9,source_metadata,usaspending_api,https://www.usaspending.gov/award/CONT_AWD_80JSC024F0079_8000_80HQTR19D0010_8000
usaspending_CONT_AWD_80JSC024F0079_8000_80HQTR19D0010_8000,government_contract_LUNR_80JSC024F0079,LUNR,2024-08-29T12:00:00,award_amount,88031400.0,usd,source metadata,0.9,source_metadata,usaspending_api,https://www.usaspending.gov/award/CONT_AWD_80JSC024F0079_8000_80HQTR19D0010_8000
usaspending_CONT_AWD_80JSC024F0079_8000_80HQTR19D0010_8000,government_contract_LUNR_80JSC024F0079,LUNR,2024-08-29T12:00:00,award_type,DELIVERY ORDER,text,DELIVERY ORDER,0.9,source_metadata,usaspending_api,https://www.usaspending.gov/award/CONT_AWD_80JSC024F0079_8000_80HQTR19D0010_8000
usaspending_CONT_AWD_80JSC024F0079_8000_80HQTR19D0010_8000,government_contract_LUNR_80JSC024F0079,LUNR,2024-08-29T12:00:00,ceiling_only_flag,False,boolean,derived parser flag,0.78,derived_flag,usaspending_api,https://www.usaspending.gov/award/CONT_AWD_80JSC024F0079_8000_80HQTR19D0010_8000
usaspending_CONT_AWD_80JSC024F0079_8000_80HQTR19D0010_8000,government_contract_LUNR_80JSC024F0079,LUNR,2024-08-29T12:00:00,contract_number,80JSC024F0079,text,80JSC024F0079,0.9,source_metadata,usaspending_api,https://www.usaspending.gov/award/CONT_AWD_80JSC024F0079_8000_80HQTR19D0010_8000
usaspending_CONT_AWD_80JSC024F0079_8000_80HQTR19D0010_8000,government_contract_LUNR_80JSC024F0079,LUNR,2024-08-29T12:00:00,contract_type,DELIVERY ORDER,text,DELIVERY ORDER,0.9,source_metadata,usaspending_api,https://www.usaspending.gov/award/CONT_AWD_80JSC024F0079_8000_80HQTR19D0010_8000
usaspending_CONT_AWD_80JSC024F0079_8000_80HQTR19D0010_8000,government_contract_LUNR_80JSC024F0079,LUNR,2024-08-29T12:00:00,government_contract_event_type,task_order_award,category,task/delivery order language,0.88,document_keyword,usaspending_api,https://www.usaspending.gov/award/CONT_AWD_80JSC024F0079_8000_80HQTR19D0010_8000
usaspending_CONT_AWD_80JSC024F0079_8000_80HQTR19D0010_8000,government_contract_LUNR_80JSC024F0079,LUNR,2024-08-29T12:00:00,incumbent_or_extension_flag,False,boolean,derived parser flag,0.78,derived_flag,usaspending_api,https://www.usaspending.gov/award/CONT_AWD_80JSC024F0079_8000_80HQTR19D0010_8000
usaspending_CONT_AWD_80JSC024F0079_8000_80HQTR19D0010_8000,government_contract_LUNR_80JSC024F0079,LUNR,2024-08-29T12:00:00,mapped_ticker,LUNR,text,LUNR,0.9,source_metadata,usaspending_api,https://www.usaspending.gov/award/CONT_AWD_80JSC024F0079_8000_80HQTR19D0010_8000
usaspending_CONT_AWD_80JSC024F0079_8000_80HQTR19D0010_8000,government_contract_LUNR_80JSC024F0079,LUNR,2024-08-29T12:00:00,mapping_type,exact,text,exact,0.9,source_metadata,usaspending_api,https://www.usaspending.gov/award/CONT_AWD_80JSC024F0079_8000_80HQTR19D0010_8000
usaspending_CONT_AWD_80JSC024F0079_8000_80HQTR19D0010_8000,government_contract_LUNR_80JSC024F0079,LUNR,2024-08-29T12:00:00,materiality_context_required_flag,True,boolean,derived parser flag,0.78,derived_flag,usaspending_api,https://www.usaspending.gov/award/CONT_AWD_80JSC024F0079_8000_80HQTR19D0010_8000
usaspending_CONT_AWD_80JSC024F0079_8000_80HQTR19D0010_8000,government_contract_LUNR_80JSC024F0079,LUNR,2024-08-29T12:00:00,modification_flag,False,boolean,derived parser flag,0.78,derived_flag,usaspending_api,https://www.usaspending.gov/award/CONT_AWD_80JSC024F0079_8000_80HQTR19D0010_8000
usaspending_CONT_AWD_80JSC024F0079_8000_80HQTR19D0010_8000,government_contract_LUNR_80JSC024F0079,LUNR,2024-08-29T12:00:00,naics_code,481212,text,481212,0.9,source_metadata,usaspending_api,https://www.usaspending.gov/award/CONT_AWD_80JSC024F0079_8000_80HQTR19D0010_8000
usaspending_CONT_AWD_80JSC024F0079_8000_80HQTR19D0010_8000,government_contract_LUNR_80JSC024F0079,LUNR,2024-08-29T12:00:00,new_vs_modification,new_work,category,derived parser taxonomy,0.78,derived_flag,usaspending_api,https://www.usaspending.gov/award/CONT_AWD_80JSC024F0079_8000_80HQTR19D0010_8000
usaspending_CONT_AWD_80JSC024F0079_8000_80HQTR19D0010_8000,government_contract_LUNR_80JSC024F0079,LUNR,2024-08-29T12:00:00,new_work_flag,True,boolean,derived parser flag,0.78,derived_flag,usaspending_api,https://www.usaspending.gov/award/CONT_AWD_80JSC024F0079_8000_80HQTR19D0010_8000
usaspending_CONT_AWD_80JSC024F0079_8000_80HQTR19D0010_8000,government_contract_LUNR_80JSC024F0079,LUNR,2024-08-29T12:00:00,obligated_amount,88031400.0,usd,source metadata,0.9,source_metadata,usaspending_api,https://www.usaspending.gov/award/CONT_AWD_80JSC024F0079_8000_80HQTR19D0010_8000
usaspending_CONT_AWD_80JSC024F0079_8000_80HQTR19D0010_8000,government_contract_LUNR_80JSC024F0079,LUNR,2024-08-29T12:00:00,option_exercise_flag,False,boolean,derived parser flag,0.78,derived_flag,usaspending_api,https://www.usaspending.gov/award/CONT_AWD_80JSC024F0079_8000_80HQTR19D0010_8000
usaspending_CONT_AWD_80JSC024F0079_8000_80HQTR19D0010_8000,government_contract_LUNR_80JSC024F0079,LUNR,2024-08-29T12:00:00,parent_company_name,"Intuitive Machines, Inc.",text,"Intuitive Machines, Inc.",0.9,source_metadata,usaspending_api,https://www.usaspending.gov/award/CONT_AWD_80JSC024F0079_8000_80HQTR19D0010_8000
usaspending_CONT_AWD_80JSC024F0079_8000_80HQTR19D0010_8000,government_contract_LUNR_80JSC024F0079,LUNR,2024-08-29T12:00:00,parser_quality_flags,,text,,0.7,derived_quality_flags,usaspending_api,https://www.usaspending.gov/award/CONT_AWD_80JSC024F0079_8000_80HQTR19D0010_8000
usaspending_CONT_AWD_80JSC024F0079_8000_80HQTR19D0010_8000,government_contract_LUNR_80JSC024F0079,LUNR,2024-08-29T12:00:00,period_of_performance_end,2028-08-31,text,2028-08-31,0.9,source_metadata,usaspending_api,https://www.usaspending.gov/award/CONT_AWD_80JSC024F0079_8000_80HQTR19D0010_8000
usaspending_CONT_AWD_80JSC024F0079_8000_80HQTR19D0010_8000,government_contract_LUNR_80JSC024F0079,LUNR,2024-08-29T12:00:00,period_of_performance_start,2024-08-29,text,2024-08-29,0.9,source_metadata,usaspending_api,https://www.usaspending.gov/award/CONT_AWD_80JSC024F0079_8000_80HQTR19D0010_8000
usaspending_CONT_AWD_80JSC024F0079_8000_80HQTR19D0010_8000,government_contract_LUNR_80JSC024F0079,LUNR,2024-08-29T12:00:00,prime_contractor_flag,True,boolean,derived parser flag,0.78,derived_flag,usaspending_api,https://www.usaspending.gov/award/CONT_AWD_80JSC024F0079_8000_80HQTR19D0010_8000
usaspending_CONT_AWD_80JSC024F0079_8000_80HQTR19D0010_8000,government_contract_LUNR_80JSC024F0079,LUNR,2024-08-29T12:00:00,prime_or_sub,prime,text,prime,0.9,source_metadata,usaspending_api,https://www.usaspending.gov/award/CONT_AWD_80JSC024F0079_8000_80HQTR19D0010_8000
usaspending_CONT_AWD_80JSC024F0079_8000_80HQTR19D0010_8000,government_contract_LUNR_80JSC024F0079,LUNR,2024-08-29T12:00:00,product_or_service_description,COMMERCIAL LUNAR PAYLOAD SERVICES (CLPS),text,COMMERCIAL LUNAR PAYLOAD SERVICES (CLPS),0.9,source_metadata,usaspending_api,https://www.usaspending.gov/award/CONT_AWD_80JSC024F0079_8000_80HQTR19D0010_8000
usaspending_CONT_AWD_80JSC024F0079_8000_80HQTR19D0010_8000,government_contract_LUNR_80JSC024F0079,LUNR,2024-08-29T12:00:00,psc_code,AR14,text,AR14,0.9,source_metadata,usaspending_api,https://www.usaspending.gov/award/CONT_AWD_80JSC024F0079_8000_80HQTR19D0010_8000
usaspending_CONT_AWD_80JSC024F0079_8000_80HQTR19D0010_8000,government_contract_LUNR_80JSC024F0079,LUNR,2024-08-29T12:00:00,recipient_mapping_confidence,0.94,ratio,source metadata,0.9,source_metadata,usaspending_api,https://www.usaspending.gov/award/CONT_AWD_80JSC024F0079_8000_80HQTR19D0010_8000
usaspending_CONT_AWD_80JSC024F0079_8000_80HQTR19D0010_8000,government_contract_LUNR_80JSC024F0079,LUNR,2024-08-29T12:00:00,recipient_name,"INTUITIVE MACHINES, LLC",text,"INTUITIVE MACHINES, LLC",0.9,source_metadata,usaspending_api,https://www.usaspending.gov/award/CONT_AWD_80JSC024F0079_8000_80HQTR19D0010_8000
usaspending_CONT_AWD_80JSC024F0079_8000_80HQTR19D0010_8000,government_contract_LUNR_80JSC024F0079,LUNR,2024-08-29T12:00:00,recompete_or_extension_flag,False,boolean,derived parser flag,0.78,derived_flag,usaspending_api,https://www.usaspending.gov/award/CONT_AWD_80JSC024F0079_8000_80HQTR19D0010_8000
usaspending_CONT_AWD_80JSC024F0079_8000_80HQTR19D0010_8000,government_contract_LUNR_80JSC024F0079,LUNR,2024-08-29T12:00:00,source_evidence_text,"Government contract source row. Recipient: INTUITIVE MACHINES, LLC. Award ID: 80JSC024F0079. Agency: National Aeronautics and Space Administration. Sub-agency: National Aeronautics and Space Administration. Contract award type: DELIVERY ORDER. Award amount: 88031400.0. Obligated amount: 88031400.0. NAICS: 481212. PSC: AR14. Description: COMMERCIAL LUNAR PAYLOAD SERVICES (CLPS). Period of performance: 2024-08-29 to 2028-08-31. NAICS description: NONSCHEDULED CHARTERED FREIGHT AIR TRANSPORTATION. PSC description: SPACE R&D SERVICES; SPACE FLIGHT, RESEARCH AND SUPPORTING ACTIVITIES; R&D ADMINISTRATIVE EXPENSES.",text,"Government contract source row. Recipient: INTUITIVE MACHINES, LLC. Award ID: 80JSC024F0079. Agency: National Aeronautics and Space Administration. Sub-agency: National Aeronautics and Space Administration. Contract award type: DELIVERY ORDER. Award amount: 88031400.0. Obligated amount: 88031400.0. NAICS: 481212. PSC: AR14. Description: COMMERCIAL LUNAR PAYLOAD SERVICES (CLPS). Period of performance: 2024-08-29 to 2028-08-31. NAICS description: NONSCHEDULED CHARTERED FREIGHT AIR TRANSPORTATION. PSC description: SPACE R&D SERVICES; SPACE FLIGHT, RESEARCH AND SUPPORTING ACTIVITIES; R&D ADMINISTRATIVE EXPENSES.",0.65,source_excerpt,usaspending_api,https://www.usaspending.gov/award/CONT_AWD_80JSC024F0079_8000_80HQTR19D0010_8000
usaspending_CONT_AWD_80JSC024F0079_8000_80HQTR19D0010_8000,government_contract_LUNR_80JSC024F0079,LUNR,2024-08-29T12:00:00,sub_agency,National Aeronautics and Space Administration,text,National Aeronautics and Space Administration,0.9,source_metadata,usaspending_api,https://www.usaspending.gov/award/CONT_AWD_80JSC024F0079_8000_80HQTR19D0010_8000
usaspending_CONT_AWD_80JSC024F0079_8000_80HQTR19D0010_8000,government_contract_LUNR_80JSC024F0079,LUNR,2024-08-29T12:00:00,subcontractor_flag,False,boolean,derived parser flag,0.78,derived_flag,usaspending_api,https://www.usaspending.gov/award/CONT_AWD_80JSC024F0079_8000_80HQTR19D0010_8000
usaspending_CONT_AWD_80JSC024F0079_8000_80HQTR19D0010_8000,government_contract_LUNR_80JSC024F0079,LUNR,2024-08-29T12:00:00,task_order_number,80JSC024F0079,text,80JSC024F0079,0.9,source_metadata,usaspending_api,https://www.usaspending.gov/award/CONT_AWD_80JSC024F0079_8000_80HQTR19D0010_8000
usaspending_CONT_AWD_80HQTR25FA012_8000_80HQTR24DA015_8000,government_contract_PL_80HQTR25FA012,PL,2024-11-25T12:00:00,actual_funded_award_flag,True,boolean,derived parser flag,0.78,derived_flag,usaspending_api,https://www.usaspending.gov/award/CONT_AWD_80HQTR25FA012_8000_80HQTR24DA015_8000
usaspending_CONT_AWD_80HQTR25FA012_8000_80HQTR24DA015_8000,government_contract_PL_80HQTR25FA012,PL,2024-11-25T12:00:00,agency,National Aeronautics and Space Administration,text,National Aeronautics and Space Administration,0.9,source_metadata,usaspending_api,https://www.usaspending.gov/award/CONT_AWD_80HQTR25FA012_8000_80HQTR24DA015_8000
usaspending_CONT_AWD_80HQTR25FA012_8000_80HQTR24DA015_8000,government_contract_PL_80HQTR25FA012,PL,2024-11-25T12:00:00,award_amount,19954204.0,usd,source metadata,0.9,source_metadata,usaspending_api,https://www.usaspending.gov/award/CONT_AWD_80HQTR25FA012_8000_80HQTR24DA015_8000
usaspending_CONT_AWD_80HQTR25FA012_8000_80HQTR24DA015_8000,government_contract_PL_80HQTR25FA012,PL,2024-11-25T12:00:00,award_type,DELIVERY ORDER,text,DELIVERY ORDER,0.9,source_metadata,usaspending_api,https://www.usaspending.gov/award/CONT_AWD_80HQTR25FA012_8000_80HQTR24DA015_8000
usaspending_CONT_AWD_80HQTR25FA012_8000_80HQTR24DA015_8000,government_contract_PL_80HQTR25FA012,PL,2024-11-25T12:00:00,ceiling_only_flag,False,boolean,derived parser flag,0.78,derived_flag,usaspending_api,https://www.usaspending.gov/award/CONT_AWD_80HQTR25FA012_8000_80HQTR24DA015_8000
usaspending_CONT_AWD_80HQTR25FA012_8000_80HQTR24DA015_8000,government_contract_PL_80HQTR25FA012,PL,2024-11-25T12:00:00,contract_number,80HQTR25FA012,text,80HQTR25FA012,0.9,source_metadata,usaspending_api,https://www.usaspending.gov/award/CONT_AWD_80HQTR25FA012_8000_80HQTR24DA015_8000
usaspending_CONT_AWD_80HQTR25FA012_8000_80HQTR24DA015_8000,government_contract_PL_80HQTR25FA012,PL,2024-11-25T12:00:00,contract_type,DELIVERY ORDER,text,DELIVERY ORDER,0.9,source_metadata,usaspending_api,https://www.usaspending.gov/award/CONT_AWD_80HQTR25FA012_8000_80HQTR24DA015_8000
usaspending_CONT_AWD_80HQTR25FA012_8000_80HQTR24DA015_8000,government_contract_PL_80HQTR25FA012,PL,2024-11-25T12:00:00,government_contract_event_type,task_order_award,category,task/delivery order language,0.88,document_keyword,usaspending_api,https://www.usaspending.gov/award/CONT_AWD_80HQTR25FA012_8000_80HQTR24DA015_8000
usaspending_CONT_AWD_80HQTR25FA012_8000_80HQTR24DA015_8000,government_contract_PL_80HQTR25FA012,PL,2024-11-25T12:00:00,incumbent_or_extension_flag,False,boolean,derived parser flag,0.78,derived_flag,usaspending_api,https://www.usaspending.gov/award/CONT_AWD_80HQTR25FA012_8000_80HQTR24DA015_8000
usaspending_CONT_AWD_80HQTR25FA012_8000_80HQTR24DA015_8000,government_contract_PL_80HQTR25FA012,PL,2024-11-25T12:00:00,mapped_ticker,PL,text,PL,0.9,source_metadata,usaspending_api,https://www.usaspending.gov/award/CONT_AWD_80HQTR25FA012_8000_80HQTR24DA015_8000
usaspending_CONT_AWD_80HQTR25FA012_8000_80HQTR24DA015_8000,government_contract_PL_80HQTR25FA012,PL,2024-11-25T12:00:00,mapping_type,exact,text,exact,0.9,source_metadata,usaspending_api,https://www.usaspending.gov/award/CONT_AWD_80HQTR25FA012_8000_80HQTR24DA015_8000
usaspending_CONT_AWD_80HQTR25FA012_8000_80HQTR24DA015_8000,government_contract_PL_80HQTR25FA012,PL,2024-11-25T12:00:00,materiality_context_required_flag,True,boolean,derived parser flag,0.78,derived_flag,usaspending_api,https://www.usaspending.gov/award/CONT_AWD_80HQTR25FA012_8000_80HQTR24DA015_8000
usaspending_CONT_AWD_80HQTR25FA012_8000_80HQTR24DA015_8000,government_contract_PL_80HQTR25FA012,PL,2024-11-25T12:00:00,modification_flag,False,boolean,derived parser flag,0.78,derived_flag,usaspending_api,https://www.usaspending.gov/award/CONT_AWD_80HQTR25FA012_8000_80HQTR24DA015_8000
usaspending_CONT_AWD_80HQTR25FA012_8000_80HQTR24DA015_8000,government_contract_PL_80HQTR25FA012,PL,2024-11-25T12:00:00,naics_code,541990,text,541990,0.9,source_metadata,usaspending_api,https://www.usaspending.gov/award/CONT_AWD_80HQTR25FA012_8000_80HQTR24DA015_8000
usaspending_CONT_AWD_80HQTR25FA012_8000_80HQTR24DA015_8000,government_contract_PL_80HQTR25FA012,PL,2024-11-25T12:00:00,new_vs_modification,new_work,category,derived parser taxonomy,0.78,derived_flag,usaspending_api,https://www.usaspending.gov/award/CONT_AWD_80HQTR25FA012_8000_80HQTR24DA015_8000
usaspending_CONT_AWD_80HQTR25FA012_8000_80HQTR24DA015_8000,government_contract_PL_80HQTR25FA012,PL,2024-11-25T12:00:00,new_work_flag,True,boolean,derived parser flag,0.78,derived_flag,usaspending_api,https://www.usaspending.gov/award/CONT_AWD_80HQTR25FA012_8000_80HQTR24DA015_8000
usaspending_CONT_AWD_80HQTR25FA012_8000_80HQTR24DA015_8000,government_contract_PL_80HQTR25FA012,PL,2024-11-25T12:00:00,obligated_amount,19954204.0,usd,source metadata,0.9,source_metadata,usaspending_api,https://www.usaspending.gov/award/CONT_AWD_80HQTR25FA012_8000_80HQTR24DA015_8000
usaspending_CONT_AWD_80HQTR25FA012_8000_80HQTR24DA015_8000,government_contract_PL_80HQTR25FA012,PL,2024-11-25T12:00:00,option_exercise_flag,False,boolean,derived parser flag,0.78,derived_flag,usaspending_api,https://www.usaspending.gov/award/CONT_AWD_80HQTR25FA012_8000_80HQTR24DA015_8000
usaspending_CONT_AWD_80HQTR25FA012_8000_80HQTR24DA015_8000,government_contract_PL_80HQTR25FA012,PL,2024-11-25T12:00:00,parent_company_name,Planet Labs PBC,text,Planet Labs PBC,0.9,source_metadata,usaspending_api,https://www.usaspending.gov/award/CONT_AWD_80HQTR25FA012_8000_80HQTR24DA015_8000
usaspending_CONT_AWD_80HQTR25FA012_8000_80HQTR24DA015_8000,government_contract_PL_80HQTR25FA012,PL,2024-11-25T12:00:00,parser_quality_flags,,text,,0.7,derived_quality_flags,usaspending_api,https://www.usaspending.gov/award/CONT_AWD_80HQTR25FA012_8000_80HQTR24DA015_8000
usaspending_CONT_AWD_80HQTR25FA012_8000_80HQTR24DA015_8000,government_contract_PL_80HQTR25FA012,PL,2024-11-25T12:00:00,period_of_performance_end,2025-11-24,text,2025-11-24,0.9,source_metadata,usaspending_api,https://www.usaspending.gov/award/CONT_AWD_80HQTR25FA012_8000_80HQTR24DA015_8000
usaspending_CONT_AWD_80HQTR25FA012_8000_80HQTR24DA015_8000,government_contract_PL_80HQTR25FA012,PL,2024-11-25T12:00:00,period_of_performance_start,2024-11-25,text,2024-11-25,0.9,source_metadata,usaspending_api,https://www.usaspending.gov/award/CONT_AWD_80HQTR25FA012_8000_80HQTR24DA015_8000
usaspending_CONT_AWD_80HQTR25FA012_8000_80HQTR24DA015_8000,government_contract_PL_80HQTR25FA012,PL,2024-11-25T12:00:00,prime_contractor_flag,True,boolean,derived parser flag,0.78,derived_flag,usaspending_api,https://www.usaspending.gov/award/CONT_AWD_80HQTR25FA012_8000_80HQTR24DA015_8000
usaspending_CONT_AWD_80HQTR25FA012_8000_80HQTR24DA015_8000,government_contract_PL_80HQTR25FA012,PL,2024-11-25T12:00:00,prime_or_sub,prime,text,prime,0.9,source_metadata,usaspending_api,https://www.usaspending.gov/award/CONT_AWD_80HQTR25FA012_8000_80HQTR24DA015_8000
usaspending_CONT_AWD_80HQTR25FA012_8000_80HQTR24DA015_8000,government_contract_PL_80HQTR25FA012,PL,2024-11-25T12:00:00,product_or_service_description,ELECTRO OPTICAL DATA REQUIREMENT,text,ELECTRO OPTICAL DATA REQUIREMENT,0.9,source_metadata,usaspending_api,https://www.usaspending.gov/award/CONT_AWD_80HQTR25FA012_8000_80HQTR24DA015_8000
usaspending_CONT_AWD_80HQTR25FA012_8000_80HQTR24DA015_8000,government_contract_PL_80HQTR25FA012,PL,2024-11-25T12:00:00,psc_code,R499,text,R499,0.9,source_metadata,usaspending_api,https://www.usaspending.gov/award/CONT_AWD_80HQTR25FA012_8000_80HQTR24DA015_8000
usaspending_CONT_AWD_80HQTR25FA012_8000_80HQTR24DA015_8000,government_contract_PL_80HQTR25FA012,PL,2024-11-25T12:00:00,recipient_mapping_confidence,0.94,ratio,source metadata,0.9,source_metadata,usaspending_api,https://www.usaspending.gov/award/CONT_AWD_80HQTR25FA012_8000_80HQTR24DA015_8000
usaspending_CONT_AWD_80HQTR25FA012_8000_80HQTR24DA015_8000,government_contract_PL_80HQTR25FA012,PL,2024-11-25T12:00:00,recipient_name,"PLANET LABS FEDERAL, INC.",text,"PLANET LABS FEDERAL, INC.",0.9,source_metadata,usaspending_api,https://www.usaspending.gov/award/CONT_AWD_80HQTR25FA012_8000_80HQTR24DA015_8000
usaspending_CONT_AWD_80HQTR25FA012_8000_80HQTR24DA015_8000,government_contract_PL_80HQTR25FA012,PL,2024-11-25T12:00:00,recompete_or_extension_flag,False,boolean,derived parser flag,0.78,derived_flag,usaspending_api,https://www.usaspending.gov/award/CONT_AWD_80HQTR25FA012_8000_80HQTR24DA015_8000
usaspending_CONT_AWD_80HQTR25FA012_8000_80HQTR24DA015_8000,government_contract_PL_80HQTR25FA012,PL,2024-11-25T12:00:00,source_evidence_text,"Government contract source row. Recipient: PLANET LABS FEDERAL, INC.. Award ID: 80HQTR25FA012. Agency: National Aeronautics and Space Administration. Sub-agency: National Aeronautics and Space Administration. Contract award type: DELIVERY ORDER. Award amount: 19954204.0. Obligated amount: 19954204.0. NAICS: 541990. PSC: R499. Description: ELECTRO OPTICAL DATA REQUIREMENT. Period of performance: 2024-11-25 to 2025-11-24. NAICS description: ALL OTHER PROFESSIONAL, SCIENTIFIC, AND TECHNICAL SERVICES. PSC description: SUPPORT- PROFESSIONAL: OTHER.",text,"Government contract source row. Recipient: PLANET LABS FEDERAL, INC.. Award ID: 80HQTR25FA012. Agency: National Aeronautics and Space Administration. Sub-agency: National Aeronautics and Space Administration. Contract award type: DELIVERY ORDER. Award amount: 19954204.0. Obligated amount: 19954204.0. NAICS: 541990. PSC: R499. Description: ELECTRO OPTICAL DATA REQUIREMENT. Period of performance: 2024-11-25 to 2025-11-24. NAICS description: ALL OTHER PROFESSIONAL, SCIENTIFIC, AND TECHNICAL SERVICES. PSC description: SUPPORT- PROFESSIONAL: OTHER.",0.65,source_excerpt,usaspending_api,https://www.usaspending.gov/award/CONT_AWD_80HQTR25FA012_8000_80HQTR24DA015_8000
usaspending_CONT_AWD_80HQTR25FA012_8000_80HQTR24DA015_8000,government_contract_PL_80HQTR25FA012,PL,2024-11-25T12:00:00,sub_agency,National Aeronautics and Space Administration,text,National Aeronautics and Space Administration,0.9,source_metadata,usaspending_api,https://www.usaspending.gov/award/CONT_AWD_80HQTR25FA012_8000_80HQTR24DA015_8000
usaspending_CONT_AWD_80HQTR25FA012_8000_80HQTR24DA015_8000,government_contract_PL_80HQTR25FA012,PL,2024-11-25T12:00:00,subcontractor_flag,False,boolean,derived parser flag,0.78,derived_flag,usaspending_api,https://www.usaspending.gov/award/CONT_AWD_80HQTR25FA012_8000_80HQTR24DA015_8000
usaspending_CONT_AWD_80HQTR25FA012_8000_80HQTR24DA015_8000,government_contract_PL_80HQTR25FA012,PL,2024-11-25T12:00:00,task_order_number,80HQTR25FA012,text,80HQTR25FA012,0.9,source_metadata,usaspending_api,https://www.usaspending.gov/award/CONT_AWD_80HQTR25FA012_8000_80HQTR24DA015_8000
usaspending_CONT_AWD_80HQTR25FA066_8000_80HQTR24DA015_8000,government_contract_PL_80HQTR25FA066,PL,2025-11-25T12:00:00,actual_funded_award_flag,True,boolean,derived parser flag,0.78,derived_flag,usaspending_api,https://www.usaspending.gov/award/CONT_AWD_80HQTR25FA066_8000_80HQTR24DA015_8000
usaspending_CONT_AWD_80HQTR25FA066_8000_80HQTR24DA015_8000,government_contract_PL_80HQTR25FA066,PL,2025-11-25T12:00:00,agency,National Aeronautics and Space Administration,text,National Aeronautics and Space Administration,0.9,source_metadata,usaspending_api,https://www.usaspending.gov/award/CONT_AWD_80HQTR25FA066_8000_80HQTR24DA015_8000
usaspending_CONT_AWD_80HQTR25FA066_8000_80HQTR24DA015_8000,government_contract_PL_80HQTR25FA066,PL,2025-11-25T12:00:00,award_amount,13500000.0,usd,source metadata,0.9,source_metadata,usaspending_api,https://www.usaspending.gov/award/CONT_AWD_80HQTR25FA066_8000_80HQTR24DA015_8000
usaspending_CONT_AWD_80HQTR25FA066_8000_80HQTR24DA015_8000,government_contract_PL_80HQTR25FA066,PL,2025-11-25T12:00:00,award_type,DELIVERY ORDER,text,DELIVERY ORDER,0.9,source_metadata,usaspending_api,https://www.usaspending.gov/award/CONT_AWD_80HQTR25FA066_8000_80HQTR24DA015_8000
usaspending_CONT_AWD_80HQTR25FA066_8000_80HQTR24DA015_8000,government_contract_PL_80HQTR25FA066,PL,2025-11-25T12:00:00,ceiling_only_flag,False,boolean,derived parser flag,0.78,derived_flag,usaspending_api,https://www.usaspending.gov/award/CONT_AWD_80HQTR25FA066_8000_80HQTR24DA015_8000
usaspending_CONT_AWD_80HQTR25FA066_8000_80HQTR24DA015_8000,government_contract_PL_80HQTR25FA066,PL,2025-11-25T12:00:00,contract_number,80HQTR25FA066,text,80HQTR25FA066,0.9,source_metadata,usaspending_api,https://www.usaspending.gov/award/CONT_AWD_80HQTR25FA066_8000_80HQTR24DA015_8000
usaspending_CONT_AWD_80HQTR25FA066_8000_80HQTR24DA015_8000,government_contract_PL_80HQTR25FA066,PL,2025-11-25T12:00:00,contract_type,DELIVERY ORDER,text,DELIVERY ORDER,0.9,source_metadata,usaspending_api,https://www.usaspending.gov/award/CONT_AWD_80HQTR25FA066_8000_80HQTR24DA015_8000
usaspending_CONT_AWD_80HQTR25FA066_8000_80HQTR24DA015_8000,government_contract_PL_80HQTR25FA066,PL,2025-11-25T12:00:00,government_contract_event_type,task_order_award,category,task/delivery order language,0.88,document_keyword,usaspending_api,https://www.usaspending.gov/award/CONT_AWD_80HQTR25FA066_8000_80HQTR24DA015_8000
usaspending_CONT_AWD_80HQTR25FA066_8000_80HQTR24DA015_8000,government_contract_PL_80HQTR25FA066,PL,2025-11-25T12:00:00,incumbent_or_extension_flag,False,boolean,derived parser flag,0.78,derived_flag,usaspending_api,https://www.usaspending.gov/award/CONT_AWD_80HQTR25FA066_8000_80HQTR24DA015_8000
usaspending_CONT_AWD_80HQTR25FA066_8000_80HQTR24DA015_8000,government_contract_PL_80HQTR25FA066,PL,2025-11-25T12:00:00,mapped_ticker,PL,text,PL,0.9,source_metadata,usaspending_api,https://www.usaspending.gov/award/CONT_AWD_80HQTR25FA066_8000_80HQTR24DA015_8000
usaspending_CONT_AWD_80HQTR25FA066_8000_80HQTR24DA015_8000,government_contract_PL_80HQTR25FA066,PL,2025-11-25T12:00:00,mapping_type,exact,text,exact,0.9,source_metadata,usaspending_api,https://www.usaspending.gov/award/CONT_AWD_80HQTR25FA066_8000_80HQTR24DA015_8000
usaspending_CONT_AWD_80HQTR25FA066_8000_80HQTR24DA015_8000,government_contract_PL_80HQTR25FA066,PL,2025-11-25T12:00:00,materiality_context_required_flag,True,boolean,derived parser flag,0.78,derived_flag,usaspending_api,https://www.usaspending.gov/award/CONT_AWD_80HQTR25FA066_8000_80HQTR24DA015_8000
usaspending_CONT_AWD_80HQTR25FA066_8000_80HQTR24DA015_8000,government_contract_PL_80HQTR25FA066,PL,2025-11-25T12:00:00,modification_flag,False,boolean,derived parser flag,0.78,derived_flag,usaspending_api,https://www.usaspending.gov/award/CONT_AWD_80HQTR25FA066_8000_80HQTR24DA015_8000
usaspending_CONT_AWD_80HQTR25FA066_8000_80HQTR24DA015_8000,government_contract_PL_80HQTR25FA066,PL,2025-11-25T12:00:00,naics_code,541990,text,541990,0.9,source_metadata,usaspending_api,https://www.usaspending.gov/award/CONT_AWD_80HQTR25FA066_8000_80HQTR24DA015_8000
usaspending_CONT_AWD_80HQTR25FA066_8000_80HQTR24DA015_8000,government_contract_PL_80HQTR25FA066,PL,2025-11-25T12:00:00,new_vs_modification,new_work,category,derived parser taxonomy,0.78,derived_flag,usaspending_api,https://www.usaspending.gov/award/CONT_AWD_80HQTR25FA066_8000_80HQTR24DA015_8000
usaspending_CONT_AWD_80HQTR25FA066_8000_80HQTR24DA015_8000,government_contract_PL_80HQTR25FA066,PL,2025-11-25T12:00:00,new_work_flag,True,boolean,derived parser flag,0.78,derived_flag,usaspending_api,https://www.usaspending.gov/award/CONT_AWD_80HQTR25FA066_8000_80HQTR24DA015_8000
usaspending_CONT_AWD_80HQTR25FA066_8000_80HQTR24DA015_8000,government_contract_PL_80HQTR25FA066,PL,2025-11-25T12:00:00,obligated_amount,13500000.0,usd,source metadata,0.9,source_metadata,usaspending_api,https://www.usaspending.gov/award/CONT_AWD_80HQTR25FA066_8000_80HQTR24DA015_8000
usaspending_CONT_AWD_80HQTR25FA066_8000_80HQTR24DA015_8000,government_contract_PL_80HQTR25FA066,PL,2025-11-25T12:00:00,option_exercise_flag,False,boolean,derived parser flag,0.78,derived_flag,usaspending_api,https://www.usaspending.gov/award/CONT_AWD_80HQTR25FA066_8000_80HQTR24DA015_8000
usaspending_CONT_AWD_80HQTR25FA066_8000_80HQTR24DA015_8000,government_contract_PL_80HQTR25FA066,PL,2025-11-25T12:00:00,parent_company_name,Planet Labs PBC,text,Planet Labs PBC,0.9,source_metadata,usaspending_api,https://www.usaspending.gov/award/CONT_AWD_80HQTR25FA066_8000_80HQTR24DA015_8000
usaspending_CONT_AWD_80HQTR25FA066_8000_80HQTR24DA015_8000,government_contract_PL_80HQTR25FA066,PL,2025-11-25T12:00:00,parser_quality_flags,,text,,0.7,derived_quality_flags,usaspending_api,https://www.usaspending.gov/award/CONT_AWD_80HQTR25FA066_8000_80HQTR24DA015_8000
usaspending_CONT_AWD_80HQTR25FA066_8000_80HQTR24DA015_8000,government_contract_PL_80HQTR25FA066,PL,2025-11-25T12:00:00,period_of_performance_end,2026-11-24,text,2026-11-24,0.9,source_metadata,usaspending_api,https://www.usaspending.gov/award/CONT_AWD_80HQTR25FA066_8000_80HQTR24DA015_8000
usaspending_CONT_AWD_80HQTR25FA066_8000_80HQTR24DA015_8000,government_contract_PL_80HQTR25FA066,PL,2025-11-25T12:00:00,period_of_performance_start,2025-11-25,text,2025-11-25,0.9,source_metadata,usaspending_api,https://www.usaspending.gov/award/CONT_AWD_80HQTR25FA066_8000_80HQTR24DA015_8000
usaspending_CONT_AWD_80HQTR25FA066_8000_80HQTR24DA015_8000,government_contract_PL_80HQTR25FA066,PL,2025-11-25T12:00:00,prime_contractor_flag,True,boolean,derived parser flag,0.78,derived_flag,usaspending_api,https://www.usaspending.gov/award/CONT_AWD_80HQTR25FA066_8000_80HQTR24DA015_8000
usaspending_CONT_AWD_80HQTR25FA066_8000_80HQTR24DA015_8000,government_contract_PL_80HQTR25FA066,PL,2025-11-25T12:00:00,prime_or_sub,prime,text,prime,0.9,source_metadata,usaspending_api,https://www.usaspending.gov/award/CONT_AWD_80HQTR25FA066_8000_80HQTR24DA015_8000
usaspending_CONT_AWD_80HQTR25FA066_8000_80HQTR24DA015_8000,government_contract_PL_80HQTR25FA066,PL,2025-11-25T12:00:00,product_or_service_description,COMMERCIAL SATELLITE DATA ACQUISITION (CSDA) PROGRAM. TASK ORDER FOR ELECTRO OPTICAL TASKING DATA.,text,COMMERCIAL SATELLITE DATA ACQUISITION (CSDA) PROGRAM. TASK ORDER FOR ELECTRO OPTICAL TASKING DATA.,0.9,source_metadata,usaspending_api,https://www.usaspending.gov/award/CONT_AWD_80HQTR25FA066_8000_80HQTR24DA015_8000
usaspending_CONT_AWD_80HQTR25FA066_8000_80HQTR24DA015_8000,government_contract_PL_80HQTR25FA066,PL,2025-11-25T12:00:00,psc_code,R499,text,R499,0.9,source_metadata,usaspending_api,https://www.usaspending.gov/award/CONT_AWD_80HQTR25FA066_8000_80HQTR24DA015_8000
usaspending_CONT_AWD_80HQTR25FA066_8000_80HQTR24DA015_8000,government_contract_PL_80HQTR25FA066,PL,2025-11-25T12:00:00,recipient_mapping_confidence,0.94,ratio,source metadata,0.9,source_metadata,usaspending_api,https://www.usaspending.gov/award/CONT_AWD_80HQTR25FA066_8000_80HQTR24DA015_8000
usaspending_CONT_AWD_80HQTR25FA066_8000_80HQTR24DA015_8000,government_contract_PL_80HQTR25FA066,PL,2025-11-25T12:00:00,recipient_name,"PLANET LABS FEDERAL, INC.",text,"PLANET LABS FEDERAL, INC.",0.9,source_metadata,usaspending_api,https://www.usaspending.gov/award/CONT_AWD_80HQTR25FA066_8000_80HQTR24DA015_8000
usaspending_CONT_AWD_80HQTR25FA066_8000_80HQTR24DA015_8000,government_contract_PL_80HQTR25FA066,PL,2025-11-25T12:00:00,recompete_or_extension_flag,False,boolean,derived parser flag,0.78,derived_flag,usaspending_api,https://www.usaspending.gov/award/CONT_AWD_80HQTR25FA066_8000_80HQTR24DA015_8000
usaspending_CONT_AWD_80HQTR25FA066_8000_80HQTR24DA015_8000,government_contract_PL_80HQTR25FA066,PL,2025-11-25T12:00:00,source_evidence_text,"Government contract source row. Recipient: PLANET LABS FEDERAL, INC.. Award ID: 80HQTR25FA066. Agency: National Aeronautics and Space Administration. Sub-agency: National Aeronautics and Space Administration. Contract award type: DELIVERY ORDER. Award amount: 13500000.0. Obligated amount: 13500000.0. NAICS: 541990. PSC: R499. Description: COMMERCIAL SATELLITE DATA ACQUISITION (CSDA) PROGRAM. TASK ORDER FOR ELECTRO OPTICAL TASKING DATA.. Period of performance: 2025-11-25 to 2026-11-24. NAICS description: ALL OTHER PROFESSIONAL, SCIENTIFIC, AND TECHNICAL SERVICES. PSC description: SUPPORT- PROFESSIONAL: OTHER.",text,"Government contract source row. Recipient: PLANET LABS FEDERAL, INC.. Award ID: 80HQTR25FA066. Agency: National Aeronautics and Space Administration. Sub-agency: National Aeronautics and Space Administration. Contract award type: DELIVERY ORDER. Award amount: 13500000.0. Obligated amount: 13500000.0. NAICS: 541990. PSC: R499. Description: COMMERCIAL SATELLITE DATA ACQUISITION (CSDA) PROGRAM. TASK ORDER FOR ELECTRO OPTICAL TASKING DATA.. Period of performance: 2025-11-25 to 2026-11-24. NAICS description: ALL OTHER PROFESSIONAL, SCIENTIFIC, AND TECHNICAL SERVICES. PSC description: SUPPORT- PROFESSIONAL: OTHER.",0.65,source_excerpt,usaspending_api,https://www.usaspending.gov/award/CONT_AWD_80HQTR25FA066_8000_80HQTR24DA015_8000
usaspending_CONT_AWD_80HQTR25FA066_8000_80HQTR24DA015_8000,government_contract_PL_80HQTR25FA066,PL,2025-11-25T12:00:00,sub_agency,National Aeronautics and Space Administration,text,National Aeronautics and Space Administration,0.9,source_metadata,usaspending_api,https://www.usaspending.gov/award/CONT_AWD_80HQTR25FA066_8000_80HQTR24DA015_8000
usaspending_CONT_AWD_80HQTR25FA066_8000_80HQTR24DA015_8000,government_contract_PL_80HQTR25FA066,PL,2025-11-25T12:00:00,subcontractor_flag,False,boolean,derived parser flag,0.78,derived_flag,usaspending_api,https://www.usaspending.gov/award/CONT_AWD_80HQTR25FA066_8000_80HQTR24DA015_8000
usaspending_CONT_AWD_80HQTR25FA066_8000_80HQTR24DA015_8000,government_contract_PL_80HQTR25FA066,PL,2025-11-25T12:00:00,task_order_number,80HQTR25FA066,text,80HQTR25FA066,0.9,source_metadata,usaspending_api,https://www.usaspending.gov/award/CONT_AWD_80HQTR25FA066_8000_80HQTR24DA015_8000
usaspending_CONT_AWD_W911QX24F0053_9700_W911QX24D0012_9700,government_contract_PLTR_W911QX24F0053,PLTR,2024-06-18T12:00:00,actual_funded_award_flag,True,boolean,derived parser flag,0.78,derived_flag,usaspending_api,https://www.usaspending.gov/award/CONT_AWD_W911QX24F0053_9700_W911QX24D0012_9700
usaspending_CONT_AWD_W911QX24F0053_9700_W911QX24D0012_9700,government_contract_PLTR_W911QX24F0053,PLTR,2024-06-18T12:00:00,agency,Department of Defense,text,Department of Defense,0.9,source_metadata,usaspending_api,https://www.usaspending.gov/award/CONT_AWD_W911QX24F0053_9700_W911QX24D0012_9700
usaspending_CONT_AWD_W911QX24F0053_9700_W911QX24D0012_9700,government_contract_PLTR_W911QX24F0053,PLTR,2024-06-18T12:00:00,award_amount,292680689.24,usd,source metadata,0.9,source_metadata,usaspending_api,https://www.usaspending.gov/award/CONT_AWD_W911QX24F0053_9700_W911QX24D0012_9700
usaspending_CONT_AWD_W911QX24F0053_9700_W911QX24D0012_9700,government_contract_PLTR_W911QX24F0053,PLTR,2024-06-18T12:00:00,award_type,DELIVERY ORDER,text,DELIVERY ORDER,0.9,source_metadata,usaspending_api,https://www.usaspending.gov/award/CONT_AWD_W911QX24F0053_9700_W911QX24D0012_9700
usaspending_CONT_AWD_W911QX24F0053_9700_W911QX24D0012_9700,government_contract_PLTR_W911QX24F0053,PLTR,2024-06-18T12:00:00,ceiling_only_flag,False,boolean,derived parser flag,0.78,derived_flag,usaspending_api,https://www.usaspending.gov/award/CONT_AWD_W911QX24F0053_9700_W911QX24D0012_9700
usaspending_CONT_AWD_W911QX24F0053_9700_W911QX24D0012_9700,government_contract_PLTR_W911QX24F0053,PLTR,2024-06-18T12:00:00,contract_number,W911QX24F0053,text,W911QX24F0053,0.9,source_metadata,usaspending_api,https://www.usaspending.gov/award/CONT_AWD_W911QX24F0053_9700_W911QX24D0012_9700
usaspending_CONT_AWD_W911QX24F0053_9700_W911QX24D0012_9700,government_contract_PLTR_W911QX24F0053,PLTR,2024-06-18T12:00:00,contract_type,DELIVERY ORDER,text,DELIVERY ORDER,0.9,source_metadata,usaspending_api,https://www.usaspending.gov/award/CONT_AWD_W911QX24F0053_9700_W911QX24D0012_9700
usaspending_CONT_AWD_W911QX24F0053_9700_W911QX24D0012_9700,government_contract_PLTR_W911QX24F0053,PLTR,2024-06-18T12:00:00,government_contract_event_type,task_order_award,category,task/delivery order language,0.88,document_keyword,usaspending_api,https://www.usaspending.gov/award/CONT_AWD_W911QX24F0053_9700_W911QX24D0012_9700
usaspending_CONT_AWD_W911QX24F0053_9700_W911QX24D0012_9700,government_contract_PLTR_W911QX24F0053,PLTR,2024-06-18T12:00:00,incumbent_or_extension_flag,False,boolean,derived parser flag,0.78,derived_flag,usaspending_api,https://www.usaspending.gov/award/CONT_AWD_W911QX24F0053_9700_W911QX24D0012_9700
usaspending_CONT_AWD_W911QX24F0053_9700_W911QX24D0012_9700,government_contract_PLTR_W911QX24F0053,PLTR,2024-06-18T12:00:00,mapped_ticker,PLTR,text,PLTR,0.9,source_metadata,usaspending_api,https://www.usaspending.gov/award/CONT_AWD_W911QX24F0053_9700_W911QX24D0012_9700
usaspending_CONT_AWD_W911QX24F0053_9700_W911QX24D0012_9700,government_contract_PLTR_W911QX24F0053,PLTR,2024-06-18T12:00:00,mapping_type,exact,text,exact,0.9,source_metadata,usaspending_api,https://www.usaspending.gov/award/CONT_AWD_W911QX24F0053_9700_W911QX24D0012_9700
usaspending_CONT_AWD_W911QX24F0053_9700_W911QX24D0012_9700,government_contract_PLTR_W911QX24F0053,PLTR,2024-06-18T12:00:00,materiality_context_required_flag,True,boolean,derived parser flag,0.78,derived_flag,usaspending_api,https://www.usaspending.gov/award/CONT_AWD_W911QX24F0053_9700_W911QX24D0012_9700
usaspending_CONT_AWD_W911QX24F0053_9700_W911QX24D0012_9700,government_contract_PLTR_W911QX24F0053,PLTR,2024-06-18T12:00:00,modification_flag,False,boolean,derived parser flag,0.78,derived_flag,usaspending_api,https://www.usaspending.gov/award/CONT_AWD_W911QX24F0053_9700_W911QX24D0012_9700
usaspending_CONT_AWD_W911QX24F0053_9700_W911QX24D0012_9700,government_contract_PLTR_W911QX24F0053,PLTR,2024-06-18T12:00:00,naics_code,541715,text,541715,0.9,source_metadata,usaspending_api,https://www.usaspending.gov/award/CONT_AWD_W911QX24F0053_9700_W911QX24D0012_9700
usaspending_CONT_AWD_W911QX24F0053_9700_W911QX24D0012_9700,government_contract_PLTR_W911QX24F0053,PLTR,2024-06-18T12:00:00,new_vs_modification,new_work,category,derived parser taxonomy,0.78,derived_flag,usaspending_api,https://www.usaspending.gov/award/CONT_AWD_W911QX24F0053_9700_W911QX24D0012_9700
usaspending_CONT_AWD_W911QX24F0053_9700_W911QX24D0012_9700,government_contract_PLTR_W911QX24F0053,PLTR,2024-06-18T12:00:00,new_work_flag,True,boolean,derived parser flag,0.78,derived_flag,usaspending_api,https://www.usaspending.gov/award/CONT_AWD_W911QX24F0053_9700_W911QX24D0012_9700
usaspending_CONT_AWD_W911QX24F0053_9700_W911QX24D0012_9700,government_contract_PLTR_W911QX24F0053,PLTR,2024-06-18T12:00:00,obligated_amount,292680689.24,usd,source metadata,0.9,source_metadata,usaspending_api,https://www.usaspending.gov/award/CONT_AWD_W911QX24F0053_9700_W911QX24D0012_9700
usaspending_CONT_AWD_W911QX24F0053_9700_W911QX24D0012_9700,government_contract_PLTR_W911QX24F0053,PLTR,2024-06-18T12:00:00,option_exercise_flag,False,boolean,derived parser flag,0.78,derived_flag,usaspending_api,https://www.usaspending.gov/award/CONT_AWD_W911QX24F0053_9700_W911QX24D0012_9700
usaspending_CONT_AWD_W911QX24F0053_9700_W911QX24D0012_9700,government_contract_PLTR_W911QX24F0053,PLTR,2024-06-18T12:00:00,parent_company_name,Palantir Technologies Inc.,text,Palantir Technologies Inc.,0.9,source_metadata,usaspending_api,https://www.usaspending.gov/award/CONT_AWD_W911QX24F0053_9700_W911QX24D0012_9700
usaspending_CONT_AWD_W911QX24F0053_9700_W911QX24D0012_9700,government_contract_PLTR_W911QX24F0053,PLTR,2024-06-18T12:00:00,parser_quality_flags,,text,,0.7,derived_quality_flags,usaspending_api,https://www.usaspending.gov/award/CONT_AWD_W911QX24F0053_9700_W911QX24D0012_9700
usaspending_CONT_AWD_W911QX24F0053_9700_W911QX24D0012_9700,government_contract_PLTR_W911QX24F0053,PLTR,2024-06-18T12:00:00,period_of_performance_end,2026-05-31,text,2026-05-31,0.9,source_metadata,usaspending_api,https://www.usaspending.gov/award/CONT_AWD_W911QX24F0053_9700_W911QX24D0012_9700
usaspending_CONT_AWD_W911QX24F0053_9700_W911QX24D0012_9700,government_contract_PLTR_W911QX24F0053,PLTR,2024-06-18T12:00:00,period_of_performance_start,2024-06-18,text,2024-06-18,0.9,source_metadata,usaspending_api,https://www.usaspending.gov/award/CONT_AWD_W911QX24F0053_9700_W911QX24D0012_9700
usaspending_CONT_AWD_W911QX24F0053_9700_W911QX24D0012_9700,government_contract_PLTR_W911QX24F0053,PLTR,2024-06-18T12:00:00,prime_contractor_flag,True,boolean,derived parser flag,0.78,derived_flag,usaspending_api,https://www.usaspending.gov/award/CONT_AWD_W911QX24F0053_9700_W911QX24D0012_9700
usaspending_CONT_AWD_W911QX24F0053_9700_W911QX24D0012_9700,government_contract_PLTR_W911QX24F0053,PLTR,2024-06-18T12:00:00,prime_or_sub,prime,text,prime,0.9,source_metadata,usaspending_api,https://www.usaspending.gov/award/CONT_AWD_W911QX24F0053_9700_W911QX24D0012_9700
usaspending_CONT_AWD_W911QX24F0053_9700_W911QX24D0012_9700,government_contract_PLTR_W911QX24F0053,PLTR,2024-06-18T12:00:00,product_or_service_description,TASK ORDER #1 FOR MAVEN SMART SYSTEM - USER INTERFACE/USER EXPERIENCE (UI/UX) PROTOTYPE,text,TASK ORDER #1 FOR MAVEN SMART SYSTEM - USER INTERFACE/USER EXPERIENCE (UI/UX) PROTOTYPE,0.9,source_metadata,usaspending_api,https://www.usaspending.gov/award/CONT_AWD_W911QX24F0053_9700_W911QX24D0012_9700
usaspending_CONT_AWD_W911QX24F0053_9700_W911QX24D0012_9700,government_contract_PLTR_W911QX24F0053,PLTR,2024-06-18T12:00:00,psc_code,AC35,text,AC35,0.9,source_metadata,usaspending_api,https://www.usaspending.gov/award/CONT_AWD_W911QX24F0053_9700_W911QX24D0012_9700
usaspending_CONT_AWD_W911QX24F0053_9700_W911QX24D0012_9700,government_contract_PLTR_W911QX24F0053,PLTR,2024-06-18T12:00:00,recipient_mapping_confidence,0.95,ratio,source metadata,0.9,source_metadata,usaspending_api,https://www.usaspending.gov/award/CONT_AWD_W911QX24F0053_9700_W911QX24D0012_9700
usaspending_CONT_AWD_W911QX24F0053_9700_W911QX24D0012_9700,government_contract_PLTR_W911QX24F0053,PLTR,2024-06-18T12:00:00,recipient_name,PALANTIR USG INC,text,PALANTIR USG INC,0.9,source_metadata,usaspending_api,https://www.usaspending.gov/award/CONT_AWD_W911QX24F0053_9700_W911QX24D0012_9700
usaspending_CONT_AWD_W911QX24F0053_9700_W911QX24D0012_9700,government_contract_PLTR_W911QX24F0053,PLTR,2024-06-18T12:00:00,recompete_or_extension_flag,False,boolean,derived parser flag,0.78,derived_flag,usaspending_api,https://www.usaspending.gov/award/CONT_AWD_W911QX24F0053_9700_W911QX24D0012_9700
usaspending_CONT_AWD_W911QX24F0053_9700_W911QX24D0012_9700,government_contract_PLTR_W911QX24F0053,PLTR,2024-06-18T12:00:00,source_evidence_text,"Government contract source row. Recipient: PALANTIR USG INC. Award ID: W911QX24F0053. Agency: Department of Defense. Sub-agency: Department of the Army. Contract award type: DELIVERY ORDER. Award amount: 292680689.24. Obligated amount: 292680689.24. NAICS: 541715. PSC: AC35. Description: TASK ORDER #1 FOR MAVEN SMART SYSTEM - USER INTERFACE/USER EXPERIENCE (UI/UX) PROTOTYPE. Period of performance: 2024-06-18 to 2026-05-31. NAICS description: RESEARCH AND DEVELOPMENT IN THE PHYSICAL, ENGINEERING, AND LIFE SCIENCES (EXCEPT NANOTECHNOLOGY AND BIOTECHNOLOGY). PSC description: NATIONAL DEFENSE R&D SVCS; DEFENSE-RELATED ACTIVITIES; R&D FACILITIES & MAJ EQUIP.",text,"Government contract source row. Recipient: PALANTIR USG INC. Award ID: W911QX24F0053. Agency: Department of Defense. Sub-agency: Department of the Army. Contract award type: DELIVERY ORDER. Award amount: 292680689.24. Obligated amount: 292680689.24. NAICS: 541715. PSC: AC35. Description: TASK ORDER #1 FOR MAVEN SMART SYSTEM - USER INTERFACE/USER EXPERIENCE (UI/UX) PROTOTYPE. Period of performance: 2024-06-18 to 2026-05-31. NAICS description: RESEARCH AND DEVELOPMENT IN THE PHYSICAL, ENGINEERING, AND LIFE SCIENCES (EXCEPT NANOTECHNOLOGY AND BIOTECHNOLOGY). PSC description: NATIONAL DEFENSE R&D SVCS; DEFENSE-RELATED ACTIVITIES; R&D FACILITIES & MAJ EQUIP.",0.65,source_excerpt,usaspending_api,https://www.usaspending.gov/award/CONT_AWD_W911QX24F0053_9700_W911QX24D0012_9700
usaspending_CONT_AWD_W911QX24F0053_9700_W911QX24D0012_9700,government_contract_PLTR_W911QX24F0053,PLTR,2024-06-18T12:00:00,sub_agency,Department of the Army,text,Department of the Army,0.9,source_metadata,usaspending_api,https://www.usaspending.gov/award/CONT_AWD_W911QX24F0053_9700_W911QX24D0012_9700
usaspending_CONT_AWD_W911QX24F0053_9700_W911QX24D0012_9700,government_contract_PLTR_W911QX24F0053,PLTR,2024-06-18T12:00:00,subcontractor_flag,False,boolean,derived parser flag,0.78,derived_flag,usaspending_api,https://www.usaspending.gov/award/CONT_AWD_W911QX24F0053_9700_W911QX24D0012_9700
usaspending_CONT_AWD_W911QX24F0053_9700_W911QX24D0012_9700,government_contract_PLTR_W911QX24F0053,PLTR,2024-06-18T12:00:00,task_order_number,W911QX24F0053,text,W911QX24F0053,0.9,source_metadata,usaspending_api,https://www.usaspending.gov/award/CONT_AWD_W911QX24F0053_9700_W911QX24D0012_9700
usaspending_CONT_AWD_W9128Z26FA001_9700_W519TC25D0039_9700,government_contract_PLTR_W9128Z26FA001,PLTR,2025-10-15T12:00:00,actual_funded_award_flag,True,boolean,derived parser flag,0.78,derived_flag,usaspending_api,https://www.usaspending.gov/award/CONT_AWD_W9128Z26FA001_9700_W519TC25D0039_9700
usaspending_CONT_AWD_W9128Z26FA001_9700_W519TC25D0039_9700,government_contract_PLTR_W9128Z26FA001,PLTR,2025-10-15T12:00:00,agency,Department of Defense,text,Department of Defense,0.9,source_metadata,usaspending_api,https://www.usaspending.gov/award/CONT_AWD_W9128Z26FA001_9700_W519TC25D0039_9700
usaspending_CONT_AWD_W9128Z26FA001_9700_W519TC25D0039_9700,government_contract_PLTR_W9128Z26FA001,PLTR,2025-10-15T12:00:00,award_amount,270145899.11,usd,source metadata,0.9,source_metadata,usaspending_api,https://www.usaspending.gov/award/CONT_AWD_W9128Z26FA001_9700_W519TC25D0039_9700
usaspending_CONT_AWD_W9128Z26FA001_9700_W519TC25D0039_9700,government_contract_PLTR_W9128Z26FA001,PLTR,2025-10-15T12:00:00,award_type,DELIVERY ORDER,text,DELIVERY ORDER,0.9,source_metadata,usaspending_api,https://www.usaspending.gov/award/CONT_AWD_W9128Z26FA001_9700_W519TC25D0039_9700
usaspending_CONT_AWD_W9128Z26FA001_9700_W519TC25D0039_9700,government_contract_PLTR_W9128Z26FA001,PLTR,2025-10-15T12:00:00,ceiling_only_flag,False,boolean,derived parser flag,0.78,derived_flag,usaspending_api,https://www.usaspending.gov/award/CONT_AWD_W9128Z26FA001_9700_W519TC25D0039_9700
usaspending_CONT_AWD_W9128Z26FA001_9700_W519TC25D0039_9700,government_contract_PLTR_W9128Z26FA001,PLTR,2025-10-15T12:00:00,contract_number,W9128Z26FA001,text,W9128Z26FA001,0.9,source_metadata,usaspending_api,https://www.usaspending.gov/award/CONT_AWD_W9128Z26FA001_9700_W519TC25D0039_9700
usaspending_CONT_AWD_W9128Z26FA001_9700_W519TC25D0039_9700,government_contract_PLTR_W9128Z26FA001,PLTR,2025-10-15T12:00:00,contract_type,DELIVERY ORDER,text,DELIVERY ORDER,0.9,source_metadata,usaspending_api,https://www.usaspending.gov/award/CONT_AWD_W9128Z26FA001_9700_W519TC25D0039_9700
usaspending_CONT_AWD_W9128Z26FA001_9700_W519TC25D0039_9700,government_contract_PLTR_W9128Z26FA001,PLTR,2025-10-15T12:00:00,government_contract_event_type,task_order_award,category,task/delivery order language,0.88,document_keyword,usaspending_api,https://www.usaspending.gov/award/CONT_AWD_W9128Z26FA001_9700_W519TC25D0039_9700
usaspending_CONT_AWD_W9128Z26FA001_9700_W519TC25D0039_9700,government_contract_PLTR_W9128Z26FA001,PLTR,2025-10-15T12:00:00,incumbent_or_extension_flag,False,boolean,derived parser flag,0.78,derived_flag,usaspending_api,https://www.usaspending.gov/award/CONT_AWD_W9128Z26FA001_9700_W519TC25D0039_9700
usaspending_CONT_AWD_W9128Z26FA001_9700_W519TC25D0039_9700,government_contract_PLTR_W9128Z26FA001,PLTR,2025-10-15T12:00:00,mapped_ticker,PLTR,text,PLTR,0.9,source_metadata,usaspending_api,https://www.usaspending.gov/award/CONT_AWD_W9128Z26FA001_9700_W519TC25D0039_9700
usaspending_CONT_AWD_W9128Z26FA001_9700_W519TC25D0039_9700,government_contract_PLTR_W9128Z26FA001,PLTR,2025-10-15T12:00:00,mapping_type,exact,text,exact,0.9,source_metadata,usaspending_api,https://www.usaspending.gov/award/CONT_AWD_W9128Z26FA001_9700_W519TC25D0039_9700
usaspending_CONT_AWD_W9128Z26FA001_9700_W519TC25D0039_9700,government_contract_PLTR_W9128Z26FA001,PLTR,2025-10-15T12:00:00,materiality_context_required_flag,True,boolean,derived parser flag,0.78,derived_flag,usaspending_api,https://www.usaspending.gov/award/CONT_AWD_W9128Z26FA001_9700_W519TC25D0039_9700
usaspending_CONT_AWD_W9128Z26FA001_9700_W519TC25D0039_9700,government_contract_PLTR_W9128Z26FA001,PLTR,2025-10-15T12:00:00,modification_flag,False,boolean,derived parser flag,0.78,derived_flag,usaspending_api,https://www.usaspending.gov/award/CONT_AWD_W9128Z26FA001_9700_W519TC25D0039_9700
usaspending_CONT_AWD_W9128Z26FA001_9700_W519TC25D0039_9700,government_contract_PLTR_W9128Z26FA001,PLTR,2025-10-15T12:00:00,naics_code,541511,text,541511,0.9,source_metadata,usaspending_api,https://www.usaspending.gov/award/CONT_AWD_W9128Z26FA001_9700_W519TC25D0039_9700
usaspending_CONT_AWD_W9128Z26FA001_9700_W519TC25D0039_9700,government_contract_PLTR_W9128Z26FA001,PLTR,2025-10-15T12:00:00,new_vs_modification,new_work,category,derived parser taxonomy,0.78,derived_flag,usaspending_api,https://www.usaspending.gov/award/CONT_AWD_W9128Z26FA001_9700_W519TC25D0039_9700
usaspending_CONT_AWD_W9128Z26FA001_9700_W519TC25D0039_9700,government_contract_PLTR_W9128Z26FA001,PLTR,2025-10-15T12:00:00,new_work_flag,True,boolean,derived parser flag,0.78,derived_flag,usaspending_api,https://www.usaspending.gov/award/CONT_AWD_W9128Z26FA001_9700_W519TC25D0039_9700
usaspending_CONT_AWD_W9128Z26FA001_9700_W519TC25D0039_9700,government_contract_PLTR_W9128Z26FA001,PLTR,2025-10-15T12:00:00,obligated_amount,270145899.11,usd,source metadata,0.9,source_metadata,usaspending_api,https://www.usaspending.gov/award/CONT_AWD_W9128Z26FA001_9700_W519TC25D0039_9700
usaspending_CONT_AWD_W9128Z26FA001_9700_W519TC25D0039_9700,government_contract_PLTR_W9128Z26FA001,PLTR,2025-10-15T12:00:00,option_exercise_flag,False,boolean,derived parser flag,0.78,derived_flag,usaspending_api,https://www.usaspending.gov/award/CONT_AWD_W9128Z26FA001_9700_W519TC25D0039_9700
usaspending_CONT_AWD_W9128Z26FA001_9700_W519TC25D0039_9700,government_contract_PLTR_W9128Z26FA001,PLTR,2025-10-15T12:00:00,parent_company_name,Palantir Technologies Inc.,text,Palantir Technologies Inc.,0.9,source_metadata,usaspending_api,https://www.usaspending.gov/award/CONT_AWD_W9128Z26FA001_9700_W519TC25D0039_9700
usaspending_CONT_AWD_W9128Z26FA001_9700_W519TC25D0039_9700,government_contract_PLTR_W9128Z26FA001,PLTR,2025-10-15T12:00:00,parser_quality_flags,,text,,0.7,derived_quality_flags,usaspending_api,https://www.usaspending.gov/award/CONT_AWD_W9128Z26FA001_9700_W519TC25D0039_9700
usaspending_CONT_AWD_W9128Z26FA001_9700_W519TC25D0039_9700,government_contract_PLTR_W9128Z26FA001,PLTR,2025-10-15T12:00:00,period_of_performance_end,2029-05-31,text,2029-05-31,0.9,source_metadata,usaspending_api,https://www.usaspending.gov/award/CONT_AWD_W9128Z26FA001_9700_W519TC25D0039_9700
usaspending_CONT_AWD_W9128Z26FA001_9700_W519TC25D0039_9700,government_contract_PLTR_W9128Z26FA001,PLTR,2025-10-15T12:00:00,period_of_performance_start,2025-10-15,text,2025-10-15,0.9,source_metadata,usaspending_api,https://www.usaspending.gov/award/CONT_AWD_W9128Z26FA001_9700_W519TC25D0039_9700
usaspending_CONT_AWD_W9128Z26FA001_9700_W519TC25D0039_9700,government_contract_PLTR_W9128Z26FA001,PLTR,2025-10-15T12:00:00,prime_contractor_flag,True,boolean,derived parser flag,0.78,derived_flag,usaspending_api,https://www.usaspending.gov/award/CONT_AWD_W9128Z26FA001_9700_W519TC25D0039_9700
usaspending_CONT_AWD_W9128Z26FA001_9700_W519TC25D0039_9700,government_contract_PLTR_W9128Z26FA001,PLTR,2025-10-15T12:00:00,prime_or_sub,prime,text,prime,0.9,source_metadata,usaspending_api,https://www.usaspending.gov/award/CONT_AWD_W9128Z26FA001_9700_W519TC25D0039_9700
usaspending_CONT_AWD_W9128Z26FA001_9700_W519TC25D0039_9700,government_contract_PLTR_W9128Z26FA001,PLTR,2025-10-15T12:00:00,product_or_service_description,CDAO MSS TASK ORDER OFF OF CONTRACT W519TC25D0039,text,CDAO MSS TASK ORDER OFF OF CONTRACT W519TC25D0039,0.9,source_metadata,usaspending_api,https://www.usaspending.gov/award/CONT_AWD_W9128Z26FA001_9700_W519TC25D0039_9700
usaspending_CONT_AWD_W9128Z26FA001_9700_W519TC25D0039_9700,government_contract_PLTR_W9128Z26FA001,PLTR,2025-10-15T12:00:00,psc_code,7F20,text,7F20,0.9,source_metadata,usaspending_api,https://www.usaspending.gov/award/CONT_AWD_W9128Z26FA001_9700_W519TC25D0039_9700
usaspending_CONT_AWD_W9128Z26FA001_9700_W519TC25D0039_9700,government_contract_PLTR_W9128Z26FA001,PLTR,2025-10-15T12:00:00,recipient_mapping_confidence,0.95,ratio,source metadata,0.9,source_metadata,usaspending_api,https://www.usaspending.gov/award/CONT_AWD_W9128Z26FA001_9700_W519TC25D0039_9700
usaspending_CONT_AWD_W9128Z26FA001_9700_W519TC25D0039_9700,government_contract_PLTR_W9128Z26FA001,PLTR,2025-10-15T12:00:00,recipient_name,PALANTIR USG INC,text,PALANTIR USG INC,0.9,source_metadata,usaspending_api,https://www.usaspending.gov/award/CONT_AWD_W9128Z26FA001_9700_W519TC25D0039_9700
usaspending_CONT_AWD_W9128Z26FA001_9700_W519TC25D0039_9700,government_contract_PLTR_W9128Z26FA001,PLTR,2025-10-15T12:00:00,recompete_or_extension_flag,False,boolean,derived parser flag,0.78,derived_flag,usaspending_api,https://www.usaspending.gov/award/CONT_AWD_W9128Z26FA001_9700_W519TC25D0039_9700
usaspending_CONT_AWD_W9128Z26FA001_9700_W519TC25D0039_9700,government_contract_PLTR_W9128Z26FA001,PLTR,2025-10-15T12:00:00,source_evidence_text,Government contract source row. Recipient: PALANTIR USG INC. Award ID: W9128Z26FA001. Agency: Department of Defense. Sub-agency: Department of the Army. Contract award type: DELIVERY ORDER. Award amount: 270145899.11. Obligated amount: 270145899.11. NAICS: 541511. PSC: 7F20. Description: CDAO MSS TASK ORDER OFF OF CONTRACT W519TC25D0039. Period of performance: 2025-10-15 to 2029-05-31. NAICS description: CUSTOM COMPUTER PROGRAMMING SERVICES. PSC description: IT AND TELECOM - IT MANAGEMENT TOOLS/PRODUCTS (HARDWARE AND PERPETUAL LICENSE SOFTWARE).,text,Government contract source row. Recipient: PALANTIR USG INC. Award ID: W9128Z26FA001. Agency: Department of Defense. Sub-agency: Department of the Army. Contract award type: DELIVERY ORDER. Award amount: 270145899.11. Obligated amount: 270145899.11. NAICS: 541511. PSC: 7F20. Description: CDAO MSS TASK ORDER OFF OF CONTRACT W519TC25D0039. Period of performance: 2025-10-15 to 2029-05-31. NAICS description: CUSTOM COMPUTER PROGRAMMING SERVICES. PSC description: IT AND TELECOM - IT MANAGEMENT TOOLS/PRODUCTS (HARDWARE AND PERPETUAL LICENSE SOFTWARE).,0.65,source_excerpt,usaspending_api,https://www.usaspending.gov/award/CONT_AWD_W9128Z26FA001_9700_W519TC25D0039_9700
usaspending_CONT_AWD_W9128Z26FA001_9700_W519TC25D0039_9700,government_contract_PLTR_W9128Z26FA001,PLTR,2025-10-15T12:00:00,sub_agency,Department of the Army,text,Department of the Army,0.9,source_metadata,usaspending_api,https://www.usaspending.gov/award/CONT_AWD_W9128Z26FA001_9700_W519TC25D0039_9700
usaspending_CONT_AWD_W9128Z26FA001_9700_W519TC25D0039_9700,government_contract_PLTR_W9128Z26FA001,PLTR,2025-10-15T12:00:00,subcontractor_flag,False,boolean,derived parser flag,0.78,derived_flag,usaspending_api,https://www.usaspending.gov/award/CONT_AWD_W9128Z26FA001_9700_W519TC25D0039_9700
usaspending_CONT_AWD_W9128Z26FA001_9700_W519TC25D0039_9700,government_contract_PLTR_W9128Z26FA001,PLTR,2025-10-15T12:00:00,task_order_number,W9128Z26FA001,text,W9128Z26FA001,0.9,source_metadata,usaspending_api,https://www.usaspending.gov/award/CONT_AWD_W9128Z26FA001_9700_W519TC25D0039_9700
usaspending_CONT_AWD_FA881824FB016_9700_FA881820D0008_9700,government_contract_RKLB_FA881824FB016,RKLB,2024-04-08T12:00:00,actual_funded_award_flag,True,boolean,derived parser flag,0.78,derived_flag,usaspending_api,https://www.usaspending.gov/award/CONT_AWD_FA881824FB016_9700_FA881820D0008_9700
usaspending_CONT_AWD_FA881824FB016_9700_FA881820D0008_9700,government_contract_RKLB_FA881824FB016,RKLB,2024-04-08T12:00:00,agency,Department of Defense,text,Department of Defense,0.9,source_metadata,usaspending_api,https://www.usaspending.gov/award/CONT_AWD_FA881824FB016_9700_FA881820D0008_9700
usaspending_CONT_AWD_FA881824FB016_9700_FA881820D0008_9700,government_contract_RKLB_FA881824FB016,RKLB,2024-04-08T12:00:00,award_amount,14496100.0,usd,source metadata,0.9,source_metadata,usaspending_api,https://www.usaspending.gov/award/CONT_AWD_FA881824FB016_9700_FA881820D0008_9700
usaspending_CONT_AWD_FA881824FB016_9700_FA881820D0008_9700,government_contract_RKLB_FA881824FB016,RKLB,2024-04-08T12:00:00,award_type,DELIVERY ORDER,text,DELIVERY ORDER,0.9,source_metadata,usaspending_api,https://www.usaspending.gov/award/CONT_AWD_FA881824FB016_9700_FA881820D0008_9700
usaspending_CONT_AWD_FA881824FB016_9700_FA881820D0008_9700,government_contract_RKLB_FA881824FB016,RKLB,2024-04-08T12:00:00,ceiling_only_flag,False,boolean,derived parser flag,0.78,derived_flag,usaspending_api,https://www.usaspending.gov/award/CONT_AWD_FA881824FB016_9700_FA881820D0008_9700
usaspending_CONT_AWD_FA881824FB016_9700_FA881820D0008_9700,government_contract_RKLB_FA881824FB016,RKLB,2024-04-08T12:00:00,contract_number,FA881824FB016,text,FA881824FB016,0.9,source_metadata,usaspending_api,https://www.usaspending.gov/award/CONT_AWD_FA881824FB016_9700_FA881820D0008_9700
usaspending_CONT_AWD_FA881824FB016_9700_FA881820D0008_9700,government_contract_RKLB_FA881824FB016,RKLB,2024-04-08T12:00:00,contract_type,DELIVERY ORDER,text,DELIVERY ORDER,0.9,source_metadata,usaspending_api,https://www.usaspending.gov/award/CONT_AWD_FA881824FB016_9700_FA881820D0008_9700
usaspending_CONT_AWD_FA881824FB016_9700_FA881820D0008_9700,government_contract_RKLB_FA881824FB016,RKLB,2024-04-08T12:00:00,government_contract_event_type,task_order_award,category,task/delivery order language,0.88,document_keyword,usaspending_api,https://www.usaspending.gov/award/CONT_AWD_FA881824FB016_9700_FA881820D0008_9700
usaspending_CONT_AWD_FA881824FB016_9700_FA881820D0008_9700,government_contract_RKLB_FA881824FB016,RKLB,2024-04-08T12:00:00,incumbent_or_extension_flag,False,boolean,derived parser flag,0.78,derived_flag,usaspending_api,https://www.usaspending.gov/award/CONT_AWD_FA881824FB016_9700_FA881820D0008_9700
usaspending_CONT_AWD_FA881824FB016_9700_FA881820D0008_9700,government_contract_RKLB_FA881824FB016,RKLB,2024-04-08T12:00:00,mapped_ticker,RKLB,text,RKLB,0.9,source_metadata,usaspending_api,https://www.usaspending.gov/award/CONT_AWD_FA881824FB016_9700_FA881820D0008_9700
usaspending_CONT_AWD_FA881824FB016_9700_FA881820D0008_9700,government_contract_RKLB_FA881824FB016,RKLB,2024-04-08T12:00:00,mapping_type,exact,text,exact,0.9,source_metadata,usaspending_api,https://www.usaspending.gov/award/CONT_AWD_FA881824FB016_9700_FA881820D0008_9700
usaspending_CONT_AWD_FA881824FB016_9700_FA881820D0008_9700,government_contract_RKLB_FA881824FB016,RKLB,2024-04-08T12:00:00,materiality_context_required_flag,True,boolean,derived parser flag,0.78,derived_flag,usaspending_api,https://www.usaspending.gov/award/CONT_AWD_FA881824FB016_9700_FA881820D0008_9700
usaspending_CONT_AWD_FA881824FB016_9700_FA881820D0008_9700,government_contract_RKLB_FA881824FB016,RKLB,2024-04-08T12:00:00,modification_flag,False,boolean,derived parser flag,0.78,derived_flag,usaspending_api,https://www.usaspending.gov/award/CONT_AWD_FA881824FB016_9700_FA881820D0008_9700
usaspending_CONT_AWD_FA881824FB016_9700_FA881820D0008_9700,government_contract_RKLB_FA881824FB016,RKLB,2024-04-08T12:00:00,naics_code,481212,text,481212,0.9,source_metadata,usaspending_api,https://www.usaspending.gov/award/CONT_AWD_FA881824FB016_9700_FA881820D0008_9700
usaspending_CONT_AWD_FA881824FB016_9700_FA881820D0008_9700,government_contract_RKLB_FA881824FB016,RKLB,2024-04-08T12:00:00,new_vs_modification,new_work,category,derived parser taxonomy,0.78,derived_flag,usaspending_api,https://www.usaspending.gov/award/CONT_AWD_FA881824FB016_9700_FA881820D0008_9700
usaspending_CONT_AWD_FA881824FB016_9700_FA881820D0008_9700,government_contract_RKLB_FA881824FB016,RKLB,2024-04-08T12:00:00,new_work_flag,True,boolean,derived parser flag,0.78,derived_flag,usaspending_api,https://www.usaspending.gov/award/CONT_AWD_FA881824FB016_9700_FA881820D0008_9700
usaspending_CONT_AWD_FA881824FB016_9700_FA881820D0008_9700,government_contract_RKLB_FA881824FB016,RKLB,2024-04-08T12:00:00,obligated_amount,14496100.0,usd,source metadata,0.9,source_metadata,usaspending_api,https://www.usaspending.gov/award/CONT_AWD_FA881824FB016_9700_FA881820D0008_9700
usaspending_CONT_AWD_FA881824FB016_9700_FA881820D0008_9700,government_contract_RKLB_FA881824FB016,RKLB,2024-04-08T12:00:00,option_exercise_flag,False,boolean,derived parser flag,0.78,derived_flag,usaspending_api,https://www.usaspending.gov/award/CONT_AWD_FA881824FB016_9700_FA881820D0008_9700
usaspending_CONT_AWD_FA881824FB016_9700_FA881820D0008_9700,government_contract_RKLB_FA881824FB016,RKLB,2024-04-08T12:00:00,parent_company_name,"Rocket Lab USA, Inc.",text,"Rocket Lab USA, Inc.",0.9,source_metadata,usaspending_api,https://www.usaspending.gov/award/CONT_AWD_FA881824FB016_9700_FA881820D0008_9700
usaspending_CONT_AWD_FA881824FB016_9700_FA881820D0008_9700,government_contract_RKLB_FA881824FB016,RKLB,2024-04-08T12:00:00,parser_quality_flags,,text,,0.7,derived_quality_flags,usaspending_api,https://www.usaspending.gov/award/CONT_AWD_FA881824FB016_9700_FA881820D0008_9700
usaspending_CONT_AWD_FA881824FB016_9700_FA881820D0008_9700,government_contract_RKLB_FA881824FB016,RKLB,2024-04-08T12:00:00,period_of_performance_end,2026-05-08,text,2026-05-08,0.9,source_metadata,usaspending_api,https://www.usaspending.gov/award/CONT_AWD_FA881824FB016_9700_FA881820D0008_9700
usaspending_CONT_AWD_FA881824FB016_9700_FA881820D0008_9700,government_contract_RKLB_FA881824FB016,RKLB,2024-04-08T12:00:00,period_of_performance_start,2024-04-08,text,2024-04-08,0.9,source_metadata,usaspending_api,https://www.usaspending.gov/award/CONT_AWD_FA881824FB016_9700_FA881820D0008_9700
usaspending_CONT_AWD_FA881824FB016_9700_FA881820D0008_9700,government_contract_RKLB_FA881824FB016,RKLB,2024-04-08T12:00:00,prime_contractor_flag,True,boolean,derived parser flag,0.78,derived_flag,usaspending_api,https://www.usaspending.gov/award/CONT_AWD_FA881824FB016_9700_FA881820D0008_9700
usaspending_CONT_AWD_FA881824FB016_9700_FA881820D0008_9700,government_contract_RKLB_FA881824FB016,RKLB,2024-04-08T12:00:00,prime_or_sub,prime,text,prime,0.9,source_metadata,usaspending_api,https://www.usaspending.gov/award/CONT_AWD_FA881824FB016_9700_FA881820D0008_9700
usaspending_CONT_AWD_FA881824FB016_9700_FA881820D0008_9700,government_contract_RKLB_FA881824FB016,RKLB,2024-04-08T12:00:00,product_or_service_description,THE OBJECTIVE OF THE STP-S30 MISSION IS TO DELIVER SCIENTIFIC RESEARCH AND DEVELOPMENT EXPERIMENTS TO SPACE THAT MATURE EXISTING CAPABILITIES AND DEMONSTRATE NEXT-GENERATION TECHNOLOGY IN THE SPACE DOMAIN TO ENSURE A FUTURE OF SPACE DOMINANCE.,text,THE OBJECTIVE OF THE STP-S30 MISSION IS TO DELIVER SCIENTIFIC RESEARCH AND DEVELOPMENT EXPERIMENTS TO SPACE THAT MATURE EXISTING CAPABILITIES AND DEMONSTRATE NEXT-GENERATION TECHNOLOGY IN THE SPACE DOMAIN TO ENSURE A FUTURE OF SPACE DOMINANCE.,0.9,source_metadata,usaspending_api,https://www.usaspending.gov/award/CONT_AWD_FA881824FB016_9700_FA881820D0008_9700
usaspending_CONT_AWD_FA881824FB016_9700_FA881820D0008_9700,government_contract_RKLB_FA881824FB016,RKLB,2024-04-08T12:00:00,psc_code,V126,text,V126,0.9,source_metadata,usaspending_api,https://www.usaspending.gov/award/CONT_AWD_FA881824FB016_9700_FA881820D0008_9700
usaspending_CONT_AWD_FA881824FB016_9700_FA881820D0008_9700,government_contract_RKLB_FA881824FB016,RKLB,2024-04-08T12:00:00,recipient_mapping_confidence,0.94,ratio,source metadata,0.9,source_metadata,usaspending_api,https://www.usaspending.gov/award/CONT_AWD_FA881824FB016_9700_FA881820D0008_9700
usaspending_CONT_AWD_FA881824FB016_9700_FA881820D0008_9700,government_contract_RKLB_FA881824FB016,RKLB,2024-04-08T12:00:00,recipient_name,ROCKET LAB USA INC,text,ROCKET LAB USA INC,0.9,source_metadata,usaspending_api,https://www.usaspending.gov/award/CONT_AWD_FA881824FB016_9700_FA881820D0008_9700
usaspending_CONT_AWD_FA881824FB016_9700_FA881820D0008_9700,government_contract_RKLB_FA881824FB016,RKLB,2024-04-08T12:00:00,recompete_or_extension_flag,False,boolean,derived parser flag,0.78,derived_flag,usaspending_api,https://www.usaspending.gov/award/CONT_AWD_FA881824FB016_9700_FA881820D0008_9700
usaspending_CONT_AWD_FA881824FB016_9700_FA881820D0008_9700,government_contract_RKLB_FA881824FB016,RKLB,2024-04-08T12:00:00,source_evidence_text,Government contract source row. Recipient: ROCKET LAB USA INC. Award ID: FA881824FB016. Agency: Department of Defense. Sub-agency: Department of the Air Force. Contract award type: DELIVERY ORDER. Award amount: 14496100.0. Obligated amount: 14496100.0. NAICS: 481212. PSC: V126. Description: THE OBJECTIVE OF THE STP-S30 MISSION IS TO DELIVER SCIENTIFIC RESEARCH AND DEVELOPMENT EXPERIMENTS TO SPACE THAT MATURE EXISTING CAPABILITIES AND DEMONSTRATE NEXT-GENERATION TECHNOLOGY IN THE SPACE DOMAIN TO ENSURE A FUTURE OF SPACE DOMINANCE.. Period of performance: 2024-04-08 to 2026-05-08. NAICS description: NONSCHEDULED CHARTERED FREIGHT AIR TRANSPORTATION. PSC description: TRANSPORTATION/TRAVEL/RELOC,text,Government contract source row. Recipient: ROCKET LAB USA INC. Award ID: FA881824FB016. Agency: Department of Defense. Sub-agency: Department of the Air Force. Contract award type: DELIVERY ORDER. Award amount: 14496100.0. Obligated amount: 14496100.0. NAICS: 481212. PSC: V126. Description: THE OBJECTIVE OF THE STP-S30 MISSION IS TO DELIVER SCIENTIFIC RESEARCH AND DEVELOPMENT EXPERIMENTS TO SPACE THAT MATURE EXISTING CAPABILITIES AND DEMONSTRATE NEXT-GENERATION TECHNOLOGY IN THE SPACE DOMAIN TO ENSURE A FUTURE OF SPACE DOMINANCE.. Period of performance: 2024-04-08 to 2026-05-08. NAICS description: NONSCHEDULED CHARTERED FREIGHT AIR TRANSPORTATION. PSC description: TRANSPORTATION/TRAVEL/RELOC,0.65,source_excerpt,usaspending_api,https://www.usaspending.gov/award/CONT_AWD_FA881824FB016_9700_FA881820D0008_9700
usaspending_CONT_AWD_FA881824FB016_9700_FA881820D0008_9700,government_contract_RKLB_FA881824FB016,RKLB,2024-04-08T12:00:00,sub_agency,Department of the Air Force,text,Department of the Air Force,0.9,source_metadata,usaspending_api,https://www.usaspending.gov/award/CONT_AWD_FA881824FB016_9700_FA881820D0008_9700
usaspending_CONT_AWD_FA881824FB016_9700_FA881820D0008_9700,government_contract_RKLB_FA881824FB016,RKLB,2024-04-08T12:00:00,subcontractor_flag,False,boolean,derived parser flag,0.78,derived_flag,usaspending_api,https://www.usaspending.gov/award/CONT_AWD_FA881824FB016_9700_FA881820D0008_9700
usaspending_CONT_AWD_FA881824FB016_9700_FA881820D0008_9700,government_contract_RKLB_FA881824FB016,RKLB,2024-04-08T12:00:00,task_order_number,FA881824FB016,text,FA881824FB016,0.9,source_metadata,usaspending_api,https://www.usaspending.gov/award/CONT_AWD_FA881824FB016_9700_FA881820D0008_9700
